step,time_ns,xapp,adjusted_param,adjusted_value,c0_rbUtil,c0_dlThroughput,c0_AvgCqi,c0_SINR,c0_trafficLoad,c0_RSRP,c0_RSRQ,c0_ulSinr,c0_hoSuccessRate,c0_hoFailureRate,c0_hoAttempts,c1_rbUtil,c1_dlThroughput,c1_AvgCqi,c1_SINR,c1_trafficLoad,c1_RSRP,c1_RSRQ,c1_ulSinr,c1_hoSuccessRate,c1_hoFailureRate,c1_hoAttempts,c0_Param_TxPower,c0_Param_CIO,c1_Param_TxPower,c1_Param_CIO
0,4000000000,CCO,c0_TxPower_delta,2,0.203049,2.03049,3.85714,11.6,0.5,-89.3623,-5.59256,4.7471,1,0,0,0.203049,2.03049,3.85714,11,0.5,-89.3623,-5.59256,4.7471,1,0,0,44,3,44,3
1,6000000000,CCO,c1_TxPower_delta,2,0.294235,2.94235,4.71429,15.7358,0.764189,-87.3623,-4.83277,4.7471,1,0,0,0.0907944,0.907944,3,11.2642,0.235811,-89.3623,-6.54718,4.7471,1,0,0,46,3,44,3
2,8000000000,ES,c0_TxPower_delta,-1,0.203049,2.03049,3.85714,16,0.5,-87.3623,-5.59187,4.7471,1,0,0,0.203049,2.03049,3.85714,15.4,0.5,-87.3623,-5.59187,4.7471,1,0,0,46,3,46,3
3,10000000000,MLB,c1_CIO_delta,-1,0.202972,2.02972,3.85714,13.8916,0.408435,-88.3623,-6.04523,4.7471,1,0,0,0.293978,2.93978,4.71429,15.3084,0.591565,-87.3623,-5.18802,4.7471,1,0,0,45,3,46,3
4,12000000000,ES,c1_TxPower_delta,-1,0.202851,2.02851,3.85714,13.8917,0.408251,-88.3623,-6.04523,4.7471,1,0,0,0.294027,2.94027,4.71429,15.3083,0.591749,-87.3623,-5.18802,4.7471,1,0,0,45,3,46,2
5,14000000000,MLB,c0_CIO_delta,0,0.203049,2.03049,3.85714,13.8,0.5,-88.3623,-5.59217,4.7471,1,0,0,0.203049,2.03049,3.85714,13.2,0.5,-88.3623,-5.59217,4.7471,1,0,0,45,3,45,2
6,16000000000,CCO,c1_TxPower_delta,2,0.203049,2.03049,3.85714,13.8,0.5,-88.3623,-5.59217,4.7471,1,0,0,0.203049,2.03049,3.85714,13.2,0.5,-88.3623,-5.59217,4.7471,1,0,0,45,3,45,2
7,18000000000,CCO,c0_TxPower_delta,2,0.202998,2.02998,3.85714,13.8916,0.408425,-88.3623,-6.04523,4.7471,1,0,0,0.294028,2.94028,4.71429,15.3084,0.591575,-87.3623,-5.18802,4.7471,1,0,0,45,3,46,2
8,20000000000,ES,c1_TxPower_delta,-1,0.203049,2.03049,3.85714,16,0.5,-87.3623,-5.59187,4.7471,1,0,0,0.203049,2.03049,3.85714,15.4,0.5,-87.3623,-5.59187,4.7471,1,0,0,46,3,46,2
9,22000000000,MLB,c0_CIO_delta,-1,0.294051,2.94051,4.71429,15.9084,0.591613,-87.3623,-5.18802,4.7471,1,0,0,0.202982,2.02982,3.85714,13.2916,0.408387,-88.3623,-6.04523,4.7471,1,0,0,46,3,45,2
10,24000000000,ES,c0_TxPower_delta,-1,0.294076,2.94076,4.71429,15.9083,0.591673,-87.3623,-5.18802,4.7471,1,0,0,0.202948,2.02948,3.85714,13.2917,0.408327,-88.3623,-6.04523,4.7471,1,0,0,46,2,45,2
11,26000000000,MLB,c1_CIO_delta,1,0.203049,2.03049,3.85714,13.8,0.5,-88.3623,-5.59217,4.7471,1,0,0,0.203049,2.03049,3.85714,13.2,0.5,-88.3623,-5.59217,4.7471,1,0,0,45,2,45,2
12,28000000000,CCO,c0_TxPower_delta,2,0.203049,2.03049,3.85714,13.8,0.5,-88.3623,-5.59217,4.7471,1,0,0,0.203049,2.03049,3.85714,13.2,0.5,-88.3623,-5.59217,4.7471,1,0,0,45,2,45,3
13,30000000000,CCO,c1_TxPower_delta,2,0.293975,2.93975,4.71429,15.9084,0.591591,-87.3623,-5.18802,4.7471,1,0,0,0.202948,2.02948,3.85714,13.2916,0.408409,-88.3623,-6.04523,4.7471,1,0,0,46,2,45,3
14,32000000000,ES,c0_TxPower_delta,-1,0.203049,2.03049,3.85714,16,0.5,-87.3623,-5.59187,4.7471,1,0,0,0.203049,2.03049,3.85714,15.4,0.5,-87.3623,-5.59187,4.7471,1,0,0,46,2,46,3
15,34000000000,MLB,c1_CIO_delta,-1,0.202979,2.02979,3.85714,13.8915,0.408454,-88.3623,-6.04523,4.7471,1,0,0,0.293965,2.93965,4.71429,15.3085,0.591546,-87.3623,-5.18802,4.7471,1,0,0,45,2,46,3
16,36000000000,ES,c1_TxPower_delta,-1,0.203015,2.03015,3.85714,13.8916,0.408386,-88.3623,-6.04523,4.7471,1,0,0,0.2941,2.941,4.71429,15.3084,0.591614,-87.3623,-5.18802,4.7471,1,0,0,45,2,46,2
17,38000000000,MLB,c0_CIO_delta,1,0.203049,2.03049,3.85714,13.8,0.5,-88.3623,-5.59217,4.7471,1,0,0,0.203049,2.03049,3.85714,13.2,0.5,-88.3623,-5.59217,4.7471,1,0,0,45,2,45,2
18,40000000000,CCO,c1_TxPower_delta,2,0.203049,2.03049,3.85714,13.8,0.5,-88.3623,-5.59217,4.7471,1,0,0,0.203049,2.03049,3.85714,13.2,0.5,-88.3623,-5.59217,4.7471,1,0,0,45,3,45,2
19,42000000000,CCO,c0_TxPower_delta,2,0.203032,2.03032,3.85714,13.8917,0.408336,-88.3623,-6.04523,4.7471,1,0,0,0.294186,2.94186,4.71429,15.3083,0.591664,-87.3623,-5.18802,4.7471,1,0,0,45,3,46,2
20,44000000000,ES,c1_TxPower_delta,-1,0.203049,2.03049,3.85714,16,0.5,-87.3623,-5.59187,4.7471,1,0,0,0.203049,2.03049,3.85714,15.4,0.5,-87.3623,-5.59187,4.7471,1,0,0,46,3,46,2
21,46000000000,MLB,c0_CIO_delta,-1,0.293842,2.93842,4.71429,15.9085,0.591505,-87.3623,-5.18802,4.7471,1,0,0,0.202928,2.02928,3.85714,13.2915,0.408495,-88.3623,-6.04523,4.7471,1,0,0,46,3,45,2
22,48000000000,ES,c0_TxPower_delta,-1,0.293941,2.93941,4.71429,15.9085,0.591514,-87.3623,-5.18802,4.7471,1,0,0,0.202988,2.02988,3.85714,13.2915,0.408486,-88.3623,-6.04523,4.7471,1,0,0,46,2,45,2
23,50000000000,MLB,c1_CIO_delta,1,0.203049,2.03049,3.85714,13.8,0.5,-88.3623,-5.59217,4.7471,1,0,0,0.203049,2.03049,3.85714,13.2,0.5,-88.3623,-5.59217,4.7471,1,0,0,45,2,45,2
24,52000000000,CCO,c0_TxPower_delta,2,0.203049,2.03049,3.85714,13.8,0.5,-88.3623,-5.59217,4.7471,1,0,0,0.203049,2.03049,3.85714,13.2,0.5,-88.3623,-5.59217,4.7471,1,0,0,45,2,45,3
25,54000000000,CCO,c1_TxPower_delta,2,0.293991,2.93991,4.71429,15.9085,0.591536,-87.3623,-5.18802,4.7471,1,0,0,0.203005,2.03005,3.85714,13.2915,0.408464,-88.3623,-6.04523,4.7471,1,0,0,46,2,45,3
26,56000000000,ES,c0_TxPower_delta,-1,0.203049,2.03049,3.85714,16,0.5,-87.3623,-5.59187,4.7471,1,0,0,0.203049,2.03049,3.85714,15.4,0.5,-87.3623,-5.59187,4.7471,1,0,0,46,2,46,3
27,58000000000,MLB,c1_CIO_delta,-1,0.202948,2.02948,3.85714,13.8916,0.408399,-88.3623,-6.04523,4.7471,1,0,0,0.293988,2.93988,4.71429,15.3084,0.591601,-87.3623,-5.18802,4.7471,1,0,0,45,2,46,3
28,60000000000,ES,c1_TxPower_delta,-1,0.202905,2.02905,3.85714,13.8916,0.408396,-88.3623,-6.04523,4.7471,1,0,0,0.293928,2.93928,4.71429,15.3084,0.591604,-87.3623,-5.18802,4.7471,1,0,0,45,2,46,2
29,62000000000,MLB,c0_CIO_delta,1,0.203049,2.03049,3.85714,13.8,0.5,-88.3623,-5.59217,4.7471,1,0,0,0.203049,2.03049,3.85714,13.2,0.5,-88.3623,-5.59217,4.7471,1,0,0,45,2,45,2
30,64000000000,CCO,c1_TxPower_delta,2,0.203049,2.03049,3.85714,13.8,0.5,-88.3623,-5.59217,4.7471,1,0,0,0.203049,2.03049,3.85714,13.2,0.5,-88.3623,-5.59217,4.7471,1,0,0,45,3,45,2
31,66000000000,CCO,c0_TxPower_delta,2,0.203049,2.03049,3.85714,13.8916,0.408374,-88.3623,-6.04523,4.7471,1,0,0,0.294164,2.94164,4.71429,15.3084,0.591626,-87.3623,-5.18802,4.7471,1,0,0,45,3,46,2
32,68000000000,ES,c1_TxPower_delta,-1,0.203049,2.03049,3.85714,16,0.5,-87.3623,-5.59187,4.7471,1,0,0,0.203049,2.03049,3.85714,15.4,0.5,-87.3623,-5.59187,4.7471,1,0,0,46,3,46,2
33,70000000000,MLB,c0_CIO_delta,-1,0.2941,2.941,4.71429,15.9084,0.591614,-87.3623,-5.18802,4.7471,1,0,0,0.203015,2.03015,3.85714,13.2916,0.408386,-88.3623,-6.04523,4.7471,1,0,0,46,3,45,2
34,72000000000,ES,c0_TxPower_delta,-1,0.294162,2.94162,4.71429,15.9083,0.591736,-87.3623,-5.18802,4.7471,1,0,0,0.202955,2.02955,3.85714,13.2917,0.408264,-88.3623,-6.04523,4.7471,1,0,0,46,2,45,2
35,74000000000,MLB,c1_CIO_delta,1,0.203049,2.03049,3.85714,13.8,0.5,-88.3623,-5.59217,4.7471,1,0,0,0.203049,2.03049,3.85714,13.2,0.5,-88.3623,-5.59217,4.7471,1,0,0,45,2,45,2
36,76000000000,CCO,c0_TxPower_delta,2,0.203049,2.03049,3.85714,13.8,0.5,-88.3623,-5.59217,4.7471,1,0,0,0.203049,2.03049,3.85714,13.2,0.5,-88.3623,-5.59217,4.7471,1,0,0,45,2,45,3
37,78000000000,CCO,c1_TxPower_delta,2,0.294138,2.94138,4.71429,15.9083,0.591676,-87.3623,-5.18802,4.7471,1,0,0,0.202988,2.02988,3.85714,13.2917,0.408324,-88.3623,-6.04523,4.7471,1,0,0,46,2,45,3
38,80000000000,ES,c0_TxPower_delta,-1,0.203049,2.03049,3.85714,16,0.5,-87.3623,-5.59187,4.7471,1,0,0,0.203049,2.03049,3.85714,15.4,0.5,-87.3623,-5.59187,4.7471,1,0,0,46,2,46,3
39,82000000000,MLB,c1_CIO_delta,-1,0.202938,2.02938,3.85714,13.8915,0.408455,-88.3623,-6.04523,4.7471,1,0,0,0.293905,2.93905,4.71429,15.3085,0.591545,-87.3623,-5.18802,4.7471,1,0,0,45,2,46,3
40,84000000000,ES,c1_TxPower_delta,-1,0.202945,2.02945,3.85714,13.8917,0.408303,-88.3623,-6.04523,4.7471,1,0,0,0.2941,2.941,4.71429,15.3083,0.591697,-87.3623,-5.18802,4.7471,1,0,0,45,2,46,2
41,86000000000,MLB,c0_CIO_delta,1,0.203049,2.03049,3.85714,13.8,0.5,-88.3623,-5.59217,4.7471,1,0,0,0.203049,2.03049,3.85714,13.2,0.5,-88.3623,-5.59217,4.7471,1,0,0,45,2,45,2
42,88000000000,CCO,c1_TxPower_delta,2,0.203049,2.03049,3.85714,13.8,0.5,-88.3623,-5.59217,4.7471,1,0,0,0.203049,2.03049,3.85714,13.2,0.5,-88.3623,-5.59217,4.7471,1,0,0,45,3,45,2
43,90000000000,CCO,c0_TxPower_delta,2,0.203005,2.03005,3.85714,13.8915,0.408515,-88.3623,-6.04523,4.7471,1,0,0,0.293929,2.93929,4.71429,15.3085,0.591485,-87.3623,-5.18802,4.7471,1,0,0,45,3,46,2
44,92000000000,ES,c1_TxPower_delta,-1,0.203049,2.03049,3.85714,16,0.5,-87.3623,-5.59187,4.7471,1,0,0,0.203049,2.03049,3.85714,15.4,0.5,-87.3623,-5.59187,4.7471,1,0,0,46,3,46,2
45,94000000000,MLB,c0_CIO_delta,-1,0.294162,2.94162,4.71429,15.9083,0.591684,-87.3623,-5.18802,4.7471,1,0,0,0.202998,2.02998,3.85714,13.2917,0.408316,-88.3623,-6.04523,4.7471,1,0,0,46,3,45,2
46,96000000000,ES,c0_TxPower_delta,-1,0.294051,2.94051,4.71429,15.9084,0.591573,-87.3623,-5.18802,4.7471,1,0,0,0.203015,2.03015,3.85714,13.2916,0.408427,-88.3623,-6.04523,4.7471,1,0,0,46,2,45,2
47,98000000000,MLB,c1_CIO_delta,1,0.203049,2.03049,3.85714,13.8,0.5,-88.3623,-5.59217,4.7471,1,0,0,0.203049,2.03049,3.85714,13.2,0.5,-88.3623,-5.59217,4.7471,1,0,0,45,2,45,2
48,100000000000,CCO,c0_TxPower_delta,2,0.203049,2.03049,3.85714,13.8,0.5,-88.3623,-5.59217,4.7471,1,0,0,0.203049,2.03049,3.85714,13.2,0.5,-88.3623,-5.59217,4.7471,1,0,0,45,2,45,3
49,102000000000,CCO,c1_TxPower_delta,2,0.294051,2.94051,4.71429,15.9084,0.591573,-87.3623,-5.18802,4.7471,1,0,0,0.203015,2.03015,3.85714,13.2916,0.408427,-88.3623,-6.04523,4.7471,1,0,0,46,2,45,3
50,104000000000,ES,c0_TxPower_delta,-1,0.203049,2.03049,3.85714,16,0.5,-87.3623,-5.59187,4.7471,1,0,0,0.203049,2.03049,3.85714,15.4,0.5,-87.3623,-5.59187,4.7471,1,0,0,46,2,46,3
51,106000000000,MLB,c1_CIO_delta,-1,0.202921,2.02921,3.85714,13.8917,0.408346,-88.3623,-6.04523,4.7471,1,0,0,0.294014,2.94014,4.71429,15.3083,0.591654,-87.3623,-5.18802,4.7471,1,0,0,45,2,46,3
52,108000000000,ES,c1_TxPower_delta,-1,0.202965,2.02965,3.85714,13.8917,0.408337,-88.3623,-6.04523,4.7471,1,0,0,0.294087,2.94087,4.71429,15.3083,0.591663,-87.3623,-5.18802,4.7471,1,0,0,45,2,46,2
53,110000000000,MLB,c0_CIO_delta,1,0.203049,2.03049,3.85714,13.8,0.5,-88.3623,-5.59217,4.7471,1,0,0,0.203049,2.03049,3.85714,13.2,0.5,-88.3623,-5.59217,4.7471,1,0,0,45,2,45,2
54,112000000000,CCO,c1_TxPower_delta,2,0.203049,2.03049,3.85714,13.8,0.5,-88.3623,-5.59217,4.7471,1,0,0,0.203049,2.03049,3.85714,13.2,0.5,-88.3623,-5.59217,4.7471,1,0,0,45,3,45,2
55,114000000000,CCO,c0_TxPower_delta,2,0.202965,2.02965,3.85714,13.8916,0.408367,-88.3623,-6.04523,4.7471,1,0,0,0.294051,2.94051,4.71429,15.3084,0.591633,-87.3623,-5.18802,4.7471,1,0,0,45,3,46,2
56,116000000000,ES,c1_TxPower_delta,-1,0.203049,2.03049,3.85714,16,0.5,-87.3623,-5.59187,4.7471,1,0,0,0.203049,2.03049,3.85714,15.4,0.5,-87.3623,-5.59187,4.7471,1,0,0,46,3,46,2
57,118000000000,MLB,c0_CIO_delta,-1,0.294089,2.94089,4.71429,15.9084,0.591584,-87.3623,-5.18802,4.7471,1,0,0,0.203032,2.03032,3.85714,13.2916,0.408416,-88.3623,-6.04523,4.7471,1,0,0,46,3,45,2
58,120000000000,ES,c0_TxPower_delta,-1,0.293978,2.93978,4.71429,15.9084,0.591613,-87.3623,-5.18802,4.7471,1,0,0,0.202931,2.02931,3.85714,13.2916,0.408387,-88.3623,-6.04523,4.7471,1,0,0,46,2,45,2
59,122000000000,MLB,c1_CIO_delta,1,0.203049,2.03049,3.85714,13.8,0.5,-88.3623,-5.59217,4.7471,1,0,0,0.203049,2.03049,3.85714,13.2,0.5,-88.3623,-5.59217,4.7471,1,0,0,45,2,45,2
60,124000000000,CCO,c0_TxPower_delta,2,0.203049,2.03049,3.85714,13.8,0.5,-88.3623,-5.59217,4.7471,1,0,0,0.203049,2.03049,3.85714,13.2,0.5,-88.3623,-5.59217,4.7471,1,0,0,45,2,45,3
61,126000000000,CCO,c1_TxPower_delta,2,0.294064,2.94064,4.71429,15.9083,0.591656,-87.3623,-5.18802,4.7471,1,0,0,0.202955,2.02955,3.85714,13.2917,0.408344,-88.3623,-6.04523,4.7471,1,0,0,46,2,45,3
62,128000000000,ES,c0_TxPower_delta,-1,0.203049,2.03049,3.85714,16,0.5,-87.3623,-5.59187,4.7471,1,0,0,0.203049,2.03049,3.85714,15.4,0.5,-87.3623,-5.59187,4.7471,1,0,0,46,2,46,3
63,130000000000,MLB,c1_CIO_delta,-1,0.203015,2.03015,3.85714,13.8916,0.408376,-88.3623,-6.04523,4.7471,1,0,0,0.294113,2.94113,4.71429,15.3084,0.591624,-87.3623,-5.18802,4.7471,1,0,0,45,2,46,3
64,132000000000,ES,c1_TxPower_delta,-1,0.202955,2.02955,3.85714,13.8917,0.408304,-88.3623,-6.04523,4.7471,1,0,0,0.294113,2.94113,4.71429,15.3083,0.591696,-87.3623,-5.18802,4.7471,1,0,0,45,2,46,2
65,134000000000,MLB,c0_CIO_delta,1,0.203049,2.03049,3.85714,13.8,0.5,-88.3623,-5.59217,4.7471,1,0,0,0.203049,2.03049,3.85714,13.2,0.5,-88.3623,-5.59217,4.7471,1,0,0,45,2,45,2
66,136000000000,CCO,c1_TxPower_delta,2,0.203049,2.03049,3.85714,13.8,0.5,-88.3623,-5.59217,4.7471,1,0,0,0.203049,2.03049,3.85714,13.2,0.5,-88.3623,-5.59217,4.7471,1,0,0,45,3,45,2
67,138000000000,CCO,c0_TxPower_delta,2,0.202948,2.02948,3.85714,13.8916,0.408408,-88.3623,-6.04523,4.7471,1,0,0,0.293977,2.93977,4.71429,15.3084,0.591592,-87.3623,-5.18802,4.7471,1,0,0,45,3,46,2
68,140000000000,ES,c1_TxPower_delta,-1,0.203049,2.03049,3.85714,16,0.5,-87.3623,-5.59187,4.7471,1,0,0,0.203049,2.03049,3.85714,15.4,0.5,-87.3623,-5.59187,4.7471,1,0,0,46,3,46,2
69,142000000000,MLB,c0_CIO_delta,-1,0.294186,2.94186,4.71429,15.9082,0.5918,-87.3623,-5.18802,4.7471,1,0,0,0.202918,2.02918,3.85714,13.2918,0.4082,-88.3623,-6.04523,4.7471,1,0,0,46,3,45,2
70,144000000000,ES,c0_TxPower_delta,-1,0.294125,2.94125,4.71429,15.9083,0.591734,-87.3623,-5.18802,4.7471,1,0,0,0.202931,2.02931,3.85714,13.2917,0.408266,-88.3623,-6.04523,4.7471,1,0,0,46,2,45,2
71,146000000000,MLB,c1_CIO_delta,1,0.203049,2.03049,3.85714,13.8,0.5,-88.3623,-5.59217,4.7471,1,0,0,0.203049,2.03049,3.85714,13.2,0.5,-88.3623,-5.59217,4.7471,1,0,0,45,2,45,2
72,148000000000,CCO,c0_TxPower_delta,2,0.203049,2.03049,3.85714,13.8,0.5,-88.3623,-5.59217,4.7471,1,0,0,0.203049,2.03049,3.85714,13.2,0.5,-88.3623,-5.59217,4.7471,1,0,0,45,2,45,3
73,150000000000,CCO,c1_TxPower_delta,2,0.293941,2.93941,4.71429,15.9085,0.591543,-87.3623,-5.18802,4.7471,1,0,0,0.202965,2.02965,3.85714,13.2915,0.408457,-88.3623,-6.04523,4.7471,1,0,0,46,2,45,3
74,152000000000,ES,c0_TxPower_delta,-1,0.203049,2.03049,3.85714,16,0.5,-87.3623,-5.59187,4.7471,1,0,0,0.203049,2.03049,3.85714,15.4,0.5,-87.3623,-5.59187,4.7471,1,0,0,46,2,46,3
75,154000000000,MLB,c1_CIO_delta,-1,0.202911,2.02911,3.85714,13.8917,0.408253,-88.3623,-6.04523,4.7471,1,0,0,0.294112,2.94112,4.71429,15.3083,0.591747,-87.3623,-5.18802,4.7471,1,0,0,45,2,46,3
76,156000000000,ES,c1_TxPower_delta,-1,0.202998,2.02998,3.85714,13.8917,0.408346,-88.3623,-6.04523,4.7471,1,0,0,0.294125,2.94125,4.71429,15.3083,0.591654,-87.3623,-5.18802,4.7471,1,0,0,45,2,46,2
77,158000000000,MLB,c0_CIO_delta,1,0.203049,2.03049,3.85714,13.8,0.5,-88.3623,-5.59217,4.7471,1,0,0,0.203049,2.03049,3.85714,13.2,0.5,-88.3623,-5.59217,4.7471,1,0,0,45,2,45,2
78,160000000000,CCO,c1_TxPower_delta,2,0.203049,2.03049,3.85714,13.8,0.5,-88.3623,-5.59217,4.7471,1,0,0,0.203049,2.03049,3.85714,13.2,0.5,-88.3623,-5.59217,4.7471,1,0,0,45,3,45,2
79,162000000000,CCO,c0_TxPower_delta,2,0.203032,2.03032,3.85714,13.8916,0.408416,-88.3623,-6.04523,4.7471,1,0,0,0.294089,2.94089,4.71429,15.3084,0.591584,-87.3623,-5.18802,4.7471,1,0,0,45,3,46,2
80,164000000000,ES,c1_TxPower_delta,-1,0.203049,2.03049,3.85714,16,0.5,-87.3623,-5.59187,4.7471,1,0,0,0.203049,2.03049,3.85714,15.4,0.5,-87.3623,-5.59187,4.7471,1,0,0,46,3,46,2
81,166000000000,MLB,c0_CIO_delta,-1,0.294027,2.94027,4.71429,15.9084,0.591593,-87.3623,-5.18802,4.7471,1,0,0,0.202982,2.02982,3.85714,13.2916,0.408407,-88.3623,-6.04523,4.7471,1,0,0,46,3,45,2
82,168000000000,ES,c0_TxPower_delta,-1,0.294001,2.94001,4.71429,15.9085,0.591532,-87.3623,-5.18802,4.7471,1,0,0,0.203015,2.03015,3.85714,13.2915,0.408468,-88.3623,-6.04523,4.7471,1,0,0,46,2,45,2
83,170000000000,MLB,c1_CIO_delta,1,0.203049,2.03049,3.85714,13.8,0.5,-88.3623,-5.59217,4.7471,1,0,0,0.203049,2.03049,3.85714,13.2,0.5,-88.3623,-5.59217,4.7471,1,0,0,45,2,45,2
84,172000000000,CCO,c0_TxPower_delta,2,0.203049,2.03049,3.85714,13.8,0.5,-88.3623,-5.59217,4.7471,1,0,0,0.203049,2.03049,3.85714,13.2,0.5,-88.3623,-5.59217,4.7471,1,0,0,45,2,45,3
85,174000000000,CCO,c1_TxPower_delta,2,0.294064,2.94064,4.71429,15.9084,0.591636,-87.3623,-5.18802,4.7471,1,0,0,0.202972,2.02972,3.85714,13.2916,0.408364,-88.3623,-6.04523,4.7471,1,0,0,46,2,45,3
86,176000000000,ES,c0_TxPower_delta,-1,0.203049,2.03049,3.85714,16,0.5,-87.3623,-5.59187,4.7471,1,0,0,0.203049,2.03049,3.85714,15.4,0.5,-87.3623,-5.59187,4.7471,1,0,0,46,2,46,3
87,178000000000,MLB,c1_CIO_delta,-1,0.202982,2.02982,3.85714,13.8915,0.408459,-88.3623,-6.04523,4.7471,1,0,0,0.293964,2.93964,4.71429,15.3085,0.591541,-87.3623,-5.18802,4.7471,1,0,0,45,2,46,3
88,180000000000,ES,c1_TxPower_delta,-1,0.202972,2.02972,3.85714,13.8916,0.408365,-88.3623,-6.04523,4.7471,1,0,0,0.294063,2.94063,4.71429,15.3084,0.591635,-87.3623,-5.18802,4.7471,1,0,0,45,2,46,2
89,182000000000,MLB,c0_CIO_delta,1,0.203049,2.03049,3.85714,13.8,0.5,-88.3623,-5.59217,4.7471,1,0,0,0.203049,2.03049,3.85714,13.2,0.5,-88.3623,-5.59217,4.7471,1,0,0,45,2,45,2
90,184000000000,CCO,c1_TxPower_delta,2,0.203049,2.03049,3.85714,13.8,0.5,-88.3623,-5.59217,4.7471,1,0,0,0.203049,2.03049,3.85714,13.2,0.5,-88.3623,-5.59217,4.7471,1,0,0,45,3,45,2
91,186000000000,CCO,c0_TxPower_delta,2,0.203015,2.03015,3.85714,13.8916,0.408356,-88.3623,-6.04523,4.7471,1,0,0,0.294138,2.94138,4.71429,15.3084,0.591644,-87.3623,-5.18802,4.7471,1,0,0,45,3,46,2
92,188000000000,ES,c1_TxPower_delta,-1,0.203049,2.03049,3.85714,16,0.5,-87.3623,-5.59187,4.7471,1,0,0,0.203049,2.03049,3.85714,15.4,0.5,-87.3623,-5.59187,4.7471,1,0,0,46,3,46,2
93,190000000000,MLB,c0_CIO_delta,-1,0.294089,2.94089,4.71429,15.9083,0.591656,-87.3623,-5.18802,4.7471,1,0,0,0.202972,2.02972,3.85714,13.2917,0.408344,-88.3623,-6.04523,4.7471,1,0,0,46,3,45,2
94,192000000000,ES,c0_TxPower_delta,-1,0.294112,2.94112,4.71429,15.9083,0.591703,-87.3623,-5.18802,4.7471,1,0,0,0.202948,2.02948,3.85714,13.2917,0.408297,-88.3623,-6.04523,4.7471,1,0,0,46,2,45,2
95,194000000000,MLB,c1_CIO_delta,1,0.203049,2.03049,3.85714,13.8,0.5,-88.3623,-5.59217,4.7471,1,0,0,0.203049,2.03049,3.85714,13.2,0.5,-88.3623,-5.59217,4.7471,1,0,0,45,2,45,2
96,196000000000,CCO,c0_TxPower_delta,2,0.203049,2.03049,3.85714,13.8,0.5,-88.3623,-5.59217,4.7471,1,0,0,0.203049,2.03049,3.85714,13.2,0.5,-88.3623,-5.59217,4.7471,1,0,0,45,2,45,3
97,198000000000,CCO,c1_TxPower_delta,2,0.29404,2.9404,4.71429,15.9083,0.591684,-87.3623,-5.18802,4.7471,1,0,0,0.202914,2.02914,3.85714,13.2917,0.408316,-88.3623,-6.04523,4.7471,1,0,0,46,2,45,3
98,200000000000,ES,c0_TxPower_delta,-1,0.203049,2.03049,3.85714,16,0.5,-87.3623,-5.59187,4.7471,1,0,0,0.203049,2.03049,3.85714,15.4,0.5,-87.3623,-5.59187,4.7471,1,0,0,46,2,46,3
99,202000000000,MLB,c1_CIO_delta,-1,0.202931,2.02931,3.85714,13.8917,0.408288,-88.3623,-6.04523,4.7471,1,0,0,0.294099,2.94099,4.71429,15.3083,0.591712,-87.3623,-5.18802,4.7471,1,0,0,45,2,46,3
100,204000000000,ES,c1_TxPower_delta,-1,0.202988,2.02988,3.85714,13.8917,0.408264,-88.3623,-6.04523,4.7471,1,0,0,0.294211,2.94211,4.71429,15.3083,0.591736,-87.3623,-5.18802,4.7471,1,0,0,45,2,46,2
101,206000000000,MLB,c0_CIO_delta,1,0.203049,2.03049,3.85714,13.8,0.5,-88.3623,-5.59217,4.7471,1,0,0,0.203049,2.03049,3.85714,13.2,0.5,-88.3623,-5.59217,4.7471,1,0,0,45,2,45,2
102,208000000000,CCO,c1_TxPower_delta,2,0.203049,2.03049,3.85714,13.8,0.5,-88.3623,-5.59217,4.7471,1,0,0,0.203049,2.03049,3.85714,13.2,0.5,-88.3623,-5.59217,4.7471,1,0,0,45,3,45,2
103,210000000000,CCO,c0_TxPower_delta,2,0.202998,2.02998,3.85714,13.8917,0.408346,-88.3623,-6.04523,4.7471,1,0,0,0.294125,2.94125,4.71429,15.3083,0.591654,-87.3623,-5.18802,4.7471,1,0,0,45,3,46,2
104,212000000000,ES,c1_TxPower_delta,-1,0.203049,2.03049,3.85714,16,0.5,-87.3623,-5.59187,4.7471,1,0,0,0.203049,2.03049,3.85714,15.4,0.5,-87.3623,-5.59187,4.7471,1,0,0,46,3,46,2
105,214000000000,MLB,c0_CIO_delta,-1,0.293941,2.93941,4.71429,15.9084,0.591566,-87.3623,-5.18802,4.7471,1,0,0,0.202945,2.02945,3.85714,13.2916,0.408434,-88.3623,-6.04523,4.7471,1,0,0,46,3,45,2
106,216000000000,ES,c0_TxPower_delta,-1,0.294053,2.94053,4.71429,15.9084,0.591627,-87.3623,-5.18802,4.7471,1,0,0,0.202972,2.02972,3.85714,13.2916,0.408373,-88.3623,-6.04523,4.7471,1,0,0,46,2,45,2
107,218000000000,MLB,c1_CIO_delta,1,0.203049,2.03049,3.85714,13.8,0.5,-88.3623,-5.59217,4.7471,1,0,0,0.203049,2.03049,3.85714,13.2,0.5,-88.3623,-5.59217,4.7471,1,0,0,45,2,45,2
108,220000000000,CCO,c0_TxPower_delta,2,0.203049,2.03049,3.85714,13.8,0.5,-88.3623,-5.59217,4.7471,1,0,0,0.203049,2.03049,3.85714,13.2,0.5,-88.3623,-5.59217,4.7471,1,0,0,45,2,45,3
109,222000000000,CCO,c1_TxPower_delta,2,0.294064,2.94064,4.71429,15.9082,0.591776,-87.3623,-5.18802,4.7471,1,0,0,0.202854,2.02854,3.85714,13.2918,0.408224,-88.3623,-6.04523,4.7471,1,0,0,46,2,45,3
110,224000000000,ES,c0_TxPower_delta,-1,0.203049,2.03049,3.85714,16,0.5,-87.3623,-5.59187,4.7471,1,0,0,0.203049,2.03049,3.85714,15.4,0.5,-87.3623,-5.59187,4.7471,1,0,0,46,2,46,3
111,226000000000,MLB,c1_CIO_delta,-1,0.202911,2.02911,3.85714,13.8918,0.408243,-88.3623,-6.04523,4.7471,1,0,0,0.294125,2.94125,4.71429,15.3082,0.591757,-87.3623,-5.18802,4.7471,1,0,0,45,2,46,3
112,228000000000,ES,c1_TxPower_delta,-1,0.202928,2.02928,3.85714,13.8917,0.408292,-88.3623,-6.04523,4.7471,1,0,0,0.294089,2.94089,4.71429,15.3083,0.591708,-87.3623,-5.18802,4.7471,1,0,0,45,2,46,2
113,230000000000,MLB,c0_CIO_delta,1,0.203049,2.03049,3.85714,13.8,0.5,-88.3623,-5.59217,4.7471,1,0,0,0.203049,2.03049,3.85714,13.2,0.5,-88.3623,-5.59217,4.7471,1,0,0,45,2,45,2
114,232000000000,CCO,c1_TxPower_delta,2,0.203049,2.03049,3.85714,13.8,0.5,-88.3623,-5.59217,4.7471,1,0,0,0.203049,2.03049,3.85714,13.2,0.5,-88.3623,-5.59217,4.7471,1,0,0,45,3,45,2
115,234000000000,CCO,c0_TxPower_delta,2,0.202972,2.02972,3.85714,13.8916,0.408355,-88.3623,-6.04523,4.7471,1,0,0,0.294076,2.94076,4.71429,15.3084,0.591645,-87.3623,-5.18802,4.7471,1,0,0,45,3,46,2
116,236000000000,ES,c1_TxPower_delta,-1,0.203049,2.03049,3.85714,16,0.5,-87.3623,-5.59187,4.7471,1,0,0,0.203049,2.03049,3.85714,15.4,0.5,-87.3623,-5.59187,4.7471,1,0,0,46,3,46,2
117,238000000000,MLB,c0_CIO_delta,-1,0.294025,2.94025,4.71429,15.9084,0.591604,-87.3623,-5.18802,4.7471,1,0,0,0.202972,2.02972,3.85714,13.2916,0.408396,-88.3623,-6.04523,4.7471,1,0,0,46,3,45,2
118,240000000000,ES,c0_TxPower_delta,-1,0.294041,2.94041,4.71429,15.9084,0.591645,-87.3623,-5.18802,4.7471,1,0,0,0.202948,2.02948,3.85714,13.2916,0.408355,-88.3623,-6.04523,4.7471,1,0,0,46,2,45,2
119,242000000000,MLB,c1_CIO_delta,1,0.203049,2.03049,3.85714,13.8,0.5,-88.3623,-5.59217,4.7471,1,0,0,0.203049,2.03049,3.85714,13.2,0.5,-88.3623,-5.59217,4.7471,1,0,0,45,2,45,2
120,244000000000,CCO,c0_TxPower_delta,2,0.203049,2.03049,3.85714,13.8,0.5,-88.3623,-5.59217,4.7471,1,0,0,0.203049,2.03049,3.85714,13.2,0.5,-88.3623,-5.59217,4.7471,1,0,0,45,2,45,3
121,246000000000,CCO,c1_TxPower_delta,2,0.294138,2.94138,4.71429,15.9083,0.591684,-87.3623,-5.18802,4.7471,1,0,0,0.202982,2.02982,3.85714,13.2917,0.408316,-88.3623,-6.04523,4.7471,1,0,0,46,2,45,3
122,248000000000,ES,c0_TxPower_delta,-1,0.203049,2.03049,3.85714,16,0.5,-87.3623,-5.59187,4.7471,1,0,0,0.203049,2.03049,3.85714,15.4,0.5,-87.3623,-5.59187,4.7471,1,0,0,46,2,46,3
123,250000000000,MLB,c1_CIO_delta,-1,0.202864,2.02864,3.85714,13.8918,0.408176,-88.3623,-6.04523,4.7471,1,0,0,0.294138,2.94138,4.71429,15.3082,0.591824,-87.3623,-5.18802,4.7471,1,0,0,45,2,46,3
124,252000000000,ES,c1_TxPower_delta,-1,0.202982,2.02982,3.85714,13.8916,0.408447,-88.3623,-6.04523,4.7471,1,0,0,0.293978,2.93978,4.71429,15.3084,0.591553,-87.3623,-5.18802,4.7471,1,0,0,45,2,46,2
125,254000000000,MLB,c0_CIO_delta,1,0.203049,2.03049,3.85714,13.8,0.5,-88.3623,-5.59217,4.7471,1,0,0,0.203049,2.03049,3.85714,13.2,0.5,-88.3623,-5.59217,4.7471,1,0,0,45,2,45,2
126,256000000000,CCO,c1_TxPower_delta,2,0.203049,2.03049,3.85714,13.8,0.5,-88.3623,-5.59217,4.7471,1,0,0,0.203049,2.03049,3.85714,13.2,0.5,-88.3623,-5.59217,4.7471,1,0,0,45,3,45,2
127,258000000000,CCO,c0_TxPower_delta,2,0.203015,2.03015,3.85714,13.8915,0.408508,-88.3623,-6.04523,4.7471,1,0,0,0.293952,2.93952,4.71429,15.3085,0.591492,-87.3623,-5.18802,4.7471,1,0,0,45,3,46,2
128,260000000000,ES,c1_TxPower_delta,-1,0.203049,2.03049,3.85714,16,0.5,-87.3623,-5.59187,4.7471,1,0,0,0.203049,2.03049,3.85714,15.4,0.5,-87.3623,-5.59187,4.7471,1,0,0,46,3,46,2
129,262000000000,MLB,c0_CIO_delta,-1,0.294027,2.94027,4.71429,15.9083,0.591653,-87.3623,-5.18802,4.7471,1,0,0,0.202931,2.02931,3.85714,13.2917,0.408347,-88.3623,-6.04523,4.7471,1,0,0,46,3,45,2
130,264000000000,ES,c0_TxPower_delta,-1,0.294027,2.94027,4.71429,15.9084,0.591585,-87.3623,-5.18802,4.7471,1,0,0,0.202988,2.02988,3.85714,13.2916,0.408415,-88.3623,-6.04523,4.7471,1,0,0,46,2,45,2
131,266000000000,MLB,c1_CIO_delta,1,0.203049,2.03049,3.85714,13.8,0.5,-88.3623,-5.59217,4.7471,1,0,0,0.203049,2.03049,3.85714,13.2,0.5,-88.3623,-5.59217,4.7471,1,0,0,45,2,45,2
132,268000000000,CCO,c0_TxPower_delta,2,0.203049,2.03049,3.85714,13.8,0.5,-88.3623,-5.59217,4.7471,1,0,0,0.203049,2.03049,3.85714,13.2,0.5,-88.3623,-5.59217,4.7471,1,0,0,45,2,45,3
133,270000000000,CCO,c1_TxPower_delta,2,0.294016,2.94016,4.71429,15.9084,0.591556,-87.3623,-5.18802,4.7471,1,0,0,0.203005,2.03005,3.85714,13.2916,0.408444,-88.3623,-6.04523,4.7471,1,0,0,46,2,45,3
134,272000000000,ES,c0_TxPower_delta,-1,0.203049,2.03049,3.85714,16,0.5,-87.3623,-5.59187,4.7471,1,0,0,0.203049,2.03049,3.85714,15.4,0.5,-87.3623,-5.59187,4.7471,1,0,0,46,2,46,3
135,274000000000,MLB,c1_CIO_delta,-1,0.202938,2.02938,3.85714,13.8916,0.408406,-88.3623,-6.04523,4.7471,1,0,0,0.293965,2.93965,4.71429,15.3084,0.591594,-87.3623,-5.18802,4.7471,1,0,0,45,2,46,3
136,276000000000,ES,c1_TxPower_delta,-1,0.202938,2.02938,3.85714,13.8917,0.408284,-88.3623,-6.04523,4.7471,1,0,0,0.294113,2.94113,4.71429,15.3083,0.591716,-87.3623,-5.18802,4.7471,1,0,0,45,2,46,2
137,278000000000,MLB,c0_CIO_delta,1,0.203049,2.03049,3.85714,13.8,0.5,-88.3623,-5.59217,4.7471,1,0,0,0.203049,2.03049,3.85714,13.2,0.5,-88.3623,-5.59217,4.7471,1,0,0,45,2,45,2
138,280000000000,CCO,c1_TxPower_delta,2,0.203049,2.03049,3.85714,13.8,0.5,-88.3623,-5.59217,4.7471,1,0,0,0.203049,2.03049,3.85714,13.2,0.5,-88.3623,-5.59217,4.7471,1,0,0,45,3,45,2
139,282000000000,CCO,c0_TxPower_delta,2,0.202918,2.02918,3.85714,13.8918,0.408211,-88.3623,-6.04523,4.7471,1,0,0,0.294173,2.94173,4.71429,15.3082,0.591789,-87.3623,-5.18802,4.7471,1,0,0,45,3,46,2
140,284000000000,ES,c1_TxPower_delta,-1,0.203049,2.03049,3.85714,16,0.5,-87.3623,-5.59187,4.7471,1,0,0,0.203049,2.03049,3.85714,15.4,0.5,-87.3623,-5.59187,4.7471,1,0,0,46,3,46,2
141,286000000000,MLB,c0_CIO_delta,-1,0.294186,2.94186,4.71429,15.9083,0.591676,-87.3623,-5.18802,4.7471,1,0,0,0.203022,2.03022,3.85714,13.2917,0.408324,-88.3623,-6.04523,4.7471,1,0,0,46,3,45,2
142,288000000000,ES,c0_TxPower_delta,-1,0.294173,2.94173,4.71429,15.9082,0.591765,-87.3623,-5.18802,4.7471,1,0,0,0.202938,2.02938,3.85714,13.2918,0.408235,-88.3623,-6.04523,4.7471,1,0,0,46,2,45,2
143,290000000000,MLB,c1_CIO_delta,1,0.203049,2.03049,3.85714,13.8,0.5,-88.3623,-5.59217,4.7471,1,0,0,0.203049,2.03049,3.85714,13.2,0.5,-88.3623,-5.59217,4.7471,1,0,0,45,2,45,2
144,292000000000,CCO,c0_TxPower_delta,2,0.203049,2.03049,3.85714,13.8,0.5,-88.3623,-5.59217,4.7471,1,0,0,0.203049,2.03049,3.85714,13.2,0.5,-88.3623,-5.59217,4.7471,1,0,0,45,2,45,3
145,294000000000,CCO,c1_TxPower_delta,2,0.293967,2.93967,4.71429,15.9085,0.591536,-87.3623,-5.18802,4.7471,1,0,0,0.202988,2.02988,3.85714,13.2915,0.408464,-88.3623,-6.04523,4.7471,1,0,0,46,2,45,3
146,296000000000,ES,c0_TxPower_delta,-1,0.203049,2.03049,3.85714,16,0.5,-87.3623,-5.59187,4.7471,1,0,0,0.203049,2.03049,3.85714,15.4,0.5,-87.3623,-5.59187,4.7471,1,0,0,46,2,46,3
147,298000000000,MLB,c1_CIO_delta,-1,0.203015,2.03015,3.85714,13.8914,0.408558,-88.3623,-6.04523,4.7471,1,0,0,0.293892,2.93892,4.71429,15.3086,0.591442,-87.3623,-5.18802,4.7471,1,0,0,45,2,46,3
148,300000000000,ES,c1_TxPower_delta,-1,0.203015,2.03015,3.85714,13.8916,0.408445,-88.3623,-6.04523,4.7471,1,0,0,0.294028,2.94028,4.71429,15.3084,0.591555,-87.3623,-5.18802,4.7471,1,0,0,45,2,46,2
149,302000000000,MLB,c0_CIO_delta,1,0.203049,2.03049,3.85714,13.8,0.5,-88.3623,-5.59217,4.7471,1,0,0,0.203049,2.03049,3.85714,13.2,0.5,-88.3623,-5.59217,4.7471,1,0,0,45,2,45,2
150,304000000000,CCO,c1_TxPower_delta,2,0.203049,2.03049,3.85714,13.8,0.5,-88.3623,-5.59217,4.7471,1,0,0,0.203049,2.03049,3.85714,13.2,0.5,-88.3623,-5.59217,4.7471,1,0,0,45,3,45,2
151,306000000000,CCO,c0_TxPower_delta,2,0.203005,2.03005,3.85714,13.8915,0.408456,-88.3623,-6.04523,4.7471,1,0,0,0.294001,2.94001,4.71429,15.3085,0.591544,-87.3623,-5.18802,4.7471,1,0,0,45,3,46,2
152,308000000000,ES,c1_TxPower_delta,-1,0.203049,2.03049,3.85714,16,0.5,-87.3623,-5.59187,4.7471,1,0,0,0.203049,2.03049,3.85714,15.4,0.5,-87.3623,-5.59187,4.7471,1,0,0,46,3,46,2
153,310000000000,MLB,c0_CIO_delta,-1,0.29398,2.9398,4.71429,15.9083,0.591678,-87.3623,-5.18802,4.7471,1,0,0,0.202878,2.02878,3.85714,13.2917,0.408322,-88.3623,-6.04523,4.7471,1,0,0,46,3,45,2
154,312000000000,ES,c0_TxPower_delta,-1,0.294051,2.94051,4.71429,15.9084,0.591554,-87.3623,-5.18802,4.7471,1,0,0,0.203032,2.03032,3.85714,13.2916,0.408446,-88.3623,-6.04523,4.7471,1,0,0,46,2,45,2
155,314000000000,MLB,c1_CIO_delta,1,0.203049,2.03049,3.85714,13.8,0.5,-88.3623,-5.59217,4.7471,1,0,0,0.203049,2.03049,3.85714,13.2,0.5,-88.3623,-5.59217,4.7471,1,0,0,45,2,45,2
156,316000000000,CCO,c0_TxPower_delta,2,0.203049,2.03049,3.85714,13.8,0.5,-88.3623,-5.59217,4.7471,1,0,0,0.203049,2.03049,3.85714,13.2,0.5,-88.3623,-5.59217,4.7471,1,0,0,45,2,45,3
157,318000000000,CCO,c1_TxPower_delta,2,0.294064,2.94064,4.71429,15.9083,0.591668,-87.3623,-5.18802,4.7471,1,0,0,0.202945,2.02945,3.85714,13.2917,0.408332,-88.3623,-6.04523,4.7471,1,0,0,46,2,45,3
158,320000000000,ES,c0_TxPower_delta,-1,0.203049,2.03049,3.85714,16,0.5,-87.3623,-5.59187,4.7471,1,0,0,0.203049,2.03049,3.85714,15.4,0.5,-87.3623,-5.59187,4.7471,1,0,0,46,2,46,3
159,322000000000,MLB,c1_CIO_delta,-1,0.202965,2.02965,3.85714,13.8916,0.408397,-88.3623,-6.04523,4.7471,1,0,0,0.294014,2.94014,4.71429,15.3084,0.591603,-87.3623,-5.18802,4.7471,1,0,0,45,2,46,3
160,324000000000,ES,c1_TxPower_delta,-1,0.203005,2.03005,3.85714,13.8916,0.408435,-88.3623,-6.04523,4.7471,1,0,0,0.294027,2.94027,4.71429,15.3084,0.591565,-87.3623,-5.18802,4.7471,1,0,0,45,2,46,2
161,326000000000,MLB,c0_CIO_delta,1,0.203049,2.03049,3.85714,13.8,0.5,-88.3623,-5.59217,4.7471,1,0,0,0.203049,2.03049,3.85714,13.2,0.5,-88.3623,-5.59217,4.7471,1,0,0,45,2,45,2
162,328000000000,CCO,c1_TxPower_delta,2,0.203049,2.03049,3.85714,13.8,0.5,-88.3623,-5.59217,4.7471,1,0,0,0.203049,2.03049,3.85714,13.2,0.5,-88.3623,-5.59217,4.7471,1,0,0,45,3,45,2
163,330000000000,CCO,c0_TxPower_delta,2,0.202948,2.02948,3.85714,13.8917,0.408336,-88.3623,-6.04523,4.7471,1,0,0,0.294064,2.94064,4.71429,15.3083,0.591664,-87.3623,-5.18802,4.7471,1,0,0,45,3,46,2
164,332000000000,ES,c1_TxPower_delta,-1,0.203049,2.03049,3.85714,16,0.5,-87.3623,-5.59187,4.7471,1,0,0,0.203049,2.03049,3.85714,15.4,0.5,-87.3623,-5.59187,4.7471,1,0,0,46,3,46,2
165,334000000000,MLB,c0_CIO_delta,-1,0.294138,2.94138,4.71429,15.9083,0.591661,-87.3623,-5.18802,4.7471,1,0,0,0.203001,2.03001,3.85714,13.2917,0.408339,-88.3623,-6.04523,4.7471,1,0,0,46,3,45,2
166,336000000000,ES,c0_TxPower_delta,-1,0.29389,2.9389,4.71429,15.9085,0.591525,-87.3623,-5.18802,4.7471,1,0,0,0.202945,2.02945,3.85714,13.2915,0.408475,-88.3623,-6.04523,4.7471,1,0,0,46,2,45,2
167,338000000000,MLB,c1_CIO_delta,1,0.203049,2.03049,3.85714,13.8,0.5,-88.3623,-5.59217,4.7471,1,0,0,0.203049,2.03049,3.85714,13.2,0.5,-88.3623,-5.59217,4.7471,1,0,0,45,2,45,2
168,340000000000,CCO,c0_TxPower_delta,2,0.203049,2.03049,3.85714,13.8,0.5,-88.3623,-5.59217,4.7471,1,0,0,0.203049,2.03049,3.85714,13.2,0.5,-88.3623,-5.59217,4.7471,1,0,0,45,2,45,3
169,342000000000,CCO,c1_TxPower_delta,2,0.293916,2.93916,4.71429,15.9085,0.591474,-87.3623,-5.18802,4.7471,1,0,0,0.203005,2.03005,3.85714,13.2915,0.408526,-88.3623,-6.04523,4.7471,1,0,0,46,2,45,3
170,344000000000,ES,c0_TxPower_delta,-1,0.203049,2.03049,3.85714,16,0.5,-87.3623,-5.59187,4.7471,1,0,0,0.203049,2.03049,3.85714,15.4,0.5,-87.3623,-5.59187,4.7471,1,0,0,46,2,46,3
171,346000000000,MLB,c1_CIO_delta,-1,0.203015,2.03015,3.85714,13.8916,0.408427,-88.3623,-6.04523,4.7471,1,0,0,0.294051,2.94051,4.71429,15.3084,0.591573,-87.3623,-5.18802,4.7471,1,0,0,45,2,46,3
172,348000000000,ES,c1_TxPower_delta,-1,0.202938,2.02938,3.85714,13.8916,0.408446,-88.3623,-6.04523,4.7471,1,0,0,0.293916,2.93916,4.71429,15.3084,0.591554,-87.3623,-5.18802,4.7471,1,0,0,45,2,46,2
173,350000000000,MLB,c0_CIO_delta,1,0.203049,2.03049,3.85714,13.8,0.5,-88.3623,-5.59217,4.7471,1,0,0,0.203049,2.03049,3.85714,13.2,0.5,-88.3623,-5.59217,4.7471,1,0,0,45,2,45,2
174,352000000000,CCO,c1_TxPower_delta,2,0.203049,2.03049,3.85714,13.8,0.5,-88.3623,-5.59217,4.7471,1,0,0,0.203049,2.03049,3.85714,13.2,0.5,-88.3623,-5.59217,4.7471,1,0,0,45,3,45,2
175,354000000000,CCO,c0_TxPower_delta,2,0.202928,2.02928,3.85714,13.8917,0.408272,-88.3623,-6.04523,4.7471,1,0,0,0.294113,2.94113,4.71429,15.3083,0.591728,-87.3623,-5.18802,4.7471,1,0,0,45,3,46,2
176,356000000000,ES,c1_TxPower_delta,-1,0.203049,2.03049,3.85714,16,0.5,-87.3623,-5.59187,4.7471,1,0,0,0.203049,2.03049,3.85714,15.4,0.5,-87.3623,-5.59187,4.7471,1,0,0,46,3,46,2
177,358000000000,MLB,c0_CIO_delta,-1,0.294162,2.94162,4.71429,15.9084,0.591641,-87.3623,-5.18802,4.7471,1,0,0,0.203035,2.03035,3.85714,13.2916,0.408359,-88.3623,-6.04523,4.7471,1,0,0,46,3,45,2
178,360000000000,ES,c0_TxPower_delta,-1,0.294162,2.94162,4.71429,15.9083,0.591704,-87.3623,-5.18802,4.7471,1,0,0,0.202982,2.02982,3.85714,13.2917,0.408296,-88.3623,-6.04523,4.7471,1,0,0,46,2,45,2
179,362000000000,MLB,c1_CIO_delta,1,0.203049,2.03049,3.85714,13.8,0.5,-88.3623,-5.59217,4.7471,1,0,0,0.203049,2.03049,3.85714,13.2,0.5,-88.3623,-5.59217,4.7471,1,0,0,45,2,45,2
180,364000000000,CCO,c0_TxPower_delta,2,0.203049,2.03049,3.85714,13.8,0.5,-88.3623,-5.59217,4.7471,1,0,0,0.203049,2.03049,3.85714,13.2,0.5,-88.3623,-5.59217,4.7471,1,0,0,45,2,45,3
181,366000000000,CCO,c1_TxPower_delta,2,0.294113,2.94113,4.71429,15.9083,0.591676,-87.3623,-5.18802,4.7471,1,0,0,0.202972,2.02972,3.85714,13.2917,0.408324,-88.3623,-6.04523,4.7471,1,0,0,46,2,45,3
182,368000000000,ES,c0_TxPower_delta,-1,0.203049,2.03049,3.85714,16,0.5,-87.3623,-5.59187,4.7471,1,0,0,0.203049,2.03049,3.85714,15.4,0.5,-87.3623,-5.59187,4.7471,1,0,0,46,2,46,3
183,370000000000,MLB,c1_CIO_delta,-1,0.202988,2.02988,3.85714,13.8916,0.408395,-88.3623,-6.04523,4.7471,1,0,0,0.294051,2.94051,4.71429,15.3084,0.591605,-87.3623,-5.18802,4.7471,1,0,0,45,2,46,3
184,372000000000,ES,c1_TxPower_delta,-1,0.202898,2.02898,3.85714,13.8917,0.408275,-88.3623,-6.04523,4.7471,1,0,0,0.294066,2.94066,4.71429,15.3083,0.591725,-87.3623,-5.18802,4.7471,1,0,0,45,2,46,2
185,374000000000,MLB,c0_CIO_delta,1,0.203049,2.03049,3.85714,13.8,0.5,-88.3623,-5.59217,4.7471,1,0,0,0.203049,2.03049,3.85714,13.2,0.5,-88.3623,-5.59217,4.7471,1,0,0,45,2,45,2
186,376000000000,CCO,c1_TxPower_delta,2,0.203049,2.03049,3.85714,13.8,0.5,-88.3623,-5.59217,4.7471,1,0,0,0.203049,2.03049,3.85714,13.2,0.5,-88.3623,-5.59217,4.7471,1,0,0,45,3,45,2
187,378000000000,CCO,c0_TxPower_delta,2,0.202938,2.02938,3.85714,13.8916,0.408375,-88.3623,-6.04523,4.7471,1,0,0,0.294003,2.94003,4.71429,15.3084,0.591625,-87.3623,-5.18802,4.7471,1,0,0,45,3,46,2
188,380000000000,ES,c1_TxPower_delta,-1,0.203049,2.03049,3.85714,16,0.5,-87.3623,-5.59187,4.7471,1,0,0,0.203049,2.03049,3.85714,15.4,0.5,-87.3623,-5.59187,4.7471,1,0,0,46,3,46,2
189,382000000000,MLB,c0_CIO_delta,-1,0.294051,2.94051,4.71429,15.9084,0.59165,-87.3623,-5.18802,4.7471,1,0,0,0.202951,2.02951,3.85714,13.2916,0.40835,-88.3623,-6.04523,4.7471,1,0,0,46,3,45,2
190,384000000000,ES,c0_TxPower_delta,-1,0.2941,2.941,4.71429,15.9082,0.591757,-87.3623,-5.18802,4.7471,1,0,0,0.202895,2.02895,3.85714,13.2918,0.408243,-88.3623,-6.04523,4.7471,1,0,0,46,2,45,2
191,386000000000,MLB,c1_CIO_delta,1,0.203049,2.03049,3.85714,13.8,0.5,-88.3623,-5.59217,4.7471,1,0,0,0.203049,2.03049,3.85714,13.2,0.5,-88.3623,-5.59217,4.7471,1,0,0,45,2,45,2
192,388000000000,CCO,c0_TxPower_delta,2,0.203049,2.03049,3.85714,13.8,0.5,-88.3623,-5.59217,4.7471,1,0,0,0.203049,2.03049,3.85714,13.2,0.5,-88.3623,-5.59217,4.7471,1,0,0,45,2,45,3
193,390000000000,CCO,c1_TxPower_delta,2,0.294125,2.94125,4.71429,15.9083,0.591725,-87.3623,-5.18802,4.7471,1,0,0,0.202938,2.02938,3.85714,13.2917,0.408275,-88.3623,-6.04523,4.7471,1,0,0,46,2,45,3
194,392000000000,ES,c0_TxPower_delta,-1,0.203049,2.03049,3.85714,16,0.5,-87.3623,-5.59187,4.7471,1,0,0,0.203049,2.03049,3.85714,15.4,0.5,-87.3623,-5.59187,4.7471,1,0,0,46,2,46,3
195,394000000000,MLB,c1_CIO_delta,-1,0.202921,2.02921,3.85714,13.8917,0.408335,-88.3623,-6.04523,4.7471,1,0,0,0.294027,2.94027,4.71429,15.3083,0.591665,-87.3623,-5.18802,4.7471,1,0,0,45,2,46,3
196,396000000000,ES,c1_TxPower_delta,-1,0.202955,2.02955,3.85714,13.8916,0.408416,-88.3623,-6.04523,4.7471,1,0,0,0.293977,2.93977,4.71429,15.3084,0.591584,-87.3623,-5.18802,4.7471,1,0,0,45,2,46,2
197,398000000000,MLB,c0_CIO_delta,1,0.203049,2.03049,3.85714,13.8,0.5,-88.3623,-5.59217,4.7471,1,0,0,0.203049,2.03049,3.85714,13.2,0.5,-88.3623,-5.59217,4.7471,1,0,0,45,2,45,2
198,400000000000,CCO,c1_TxPower_delta,2,0.203049,2.03049,3.85714,13.8,0.5,-88.3623,-5.59217,4.7471,1,0,0,0.203049,2.03049,3.85714,13.2,0.5,-88.3623,-5.59217,4.7471,1,0,0,45,3,45,2
199,402000000000,CCO,c0_TxPower_delta,2,0.202948,2.02948,3.85714,13.8917,0.408306,-88.3623,-6.04523,4.7471,1,0,0,0.2941,2.941,4.71429,15.3083,0.591694,-87.3623,-5.18802,4.7471,1,0,0,45,3,46,2
200,404000000000,ES,c1_TxPower_delta,-1,0.203049,2.03049,3.85714,16,0.5,-87.3623,-5.59187,4.7471,1,0,0,0.203049,2.03049,3.85714,15.4,0.5,-87.3623,-5.59187,4.7471,1,0,0,46,3,46,2
201,406000000000,MLB,c0_CIO_delta,-1,0.294076,2.94076,4.71429,15.9084,0.591625,-87.3623,-5.18802,4.7471,1,0,0,0.202988,2.02988,3.85714,13.2916,0.408375,-88.3623,-6.04523,4.7471,1,0,0,46,3,45,2
202,408000000000,ES,c0_TxPower_delta,-1,0.294162,2.94162,4.71429,15.9083,0.591696,-87.3623,-5.18802,4.7471,1,0,0,0.202988,2.02988,3.85714,13.2917,0.408304,-88.3623,-6.04523,4.7471,1,0,0,46,2,45,2
203,410000000000,MLB,c1_CIO_delta,1,0.203049,2.03049,3.85714,13.8,0.5,-88.3623,-5.59217,4.7471,1,0,0,0.203049,2.03049,3.85714,13.2,0.5,-88.3623,-5.59217,4.7471,1,0,0,45,2,45,2
204,412000000000,CCO,c0_TxPower_delta,2,0.203049,2.03049,3.85714,13.8,0.5,-88.3623,-5.59217,4.7471,1,0,0,0.203049,2.03049,3.85714,13.2,0.5,-88.3623,-5.59217,4.7471,1,0,0,45,2,45,3
205,414000000000,CCO,c1_TxPower_delta,2,0.293978,2.93978,4.71429,15.9083,0.591685,-87.3623,-5.18802,4.7471,1,0,0,0.202871,2.02871,3.85714,13.2917,0.408315,-88.3623,-6.04523,4.7471,1,0,0,46,2,45,3
206,416000000000,ES,c0_TxPower_delta,-1,0.203049,2.03049,3.85714,16,0.5,-87.3623,-5.59187,4.7471,1,0,0,0.203049,2.03049,3.85714,15.4,0.5,-87.3623,-5.59187,4.7471,1,0,0,46,2,46,3
207,418000000000,MLB,c1_CIO_delta,-1,0.202998,2.02998,3.85714,13.8917,0.408346,-88.3623,-6.04523,4.7471,1,0,0,0.294125,2.94125,4.71429,15.3083,0.591654,-87.3623,-5.18802,4.7471,1,0,0,45,2,46,3
208,420000000000,ES,c1_TxPower_delta,-1,0.202911,2.02911,3.85714,13.8917,0.408334,-88.3623,-6.04523,4.7471,1,0,0,0.294014,2.94014,4.71429,15.3083,0.591666,-87.3623,-5.18802,4.7471,1,0,0,45,2,46,2
209,422000000000,MLB,c0_CIO_delta,1,0.203049,2.03049,3.85714,13.8,0.5,-88.3623,-5.59217,4.7471,1,0,0,0.203049,2.03049,3.85714,13.2,0.5,-88.3623,-5.59217,4.7471,1,0,0,45,2,45,2
210,424000000000,CCO,c1_TxPower_delta,2,0.203049,2.03049,3.85714,13.8,0.5,-88.3623,-5.59217,4.7471,1,0,0,0.203049,2.03049,3.85714,13.2,0.5,-88.3623,-5.59217,4.7471,1,0,0,45,3,45,2
211,426000000000,CCO,c0_TxPower_delta,2,0.202914,2.02914,3.85714,13.8917,0.408348,-88.3623,-6.04523,4.7471,1,0,0,0.294001,2.94001,4.71429,15.3083,0.591652,-87.3623,-5.18802,4.7471,1,0,0,45,3,46,2
212,428000000000,ES,c1_TxPower_delta,-1,0.203049,2.03049,3.85714,16,0.5,-87.3623,-5.59187,4.7471,1,0,0,0.203049,2.03049,3.85714,15.4,0.5,-87.3623,-5.59187,4.7471,1,0,0,46,3,46,2
213,430000000000,MLB,c0_CIO_delta,-1,0.294138,2.94138,4.71429,15.9083,0.591696,-87.3623,-5.18802,4.7471,1,0,0,0.202972,2.02972,3.85714,13.2917,0.408304,-88.3623,-6.04523,4.7471,1,0,0,46,3,45,2
214,432000000000,ES,c0_TxPower_delta,-1,0.294089,2.94089,4.71429,15.9083,0.591716,-87.3623,-5.18802,4.7471,1,0,0,0.202921,2.02921,3.85714,13.2917,0.408284,-88.3623,-6.04523,4.7471,1,0,0,46,2,45,2
215,434000000000,MLB,c1_CIO_delta,1,0.203049,2.03049,3.85714,13.8,0.5,-88.3623,-5.59217,4.7471,1,0,0,0.203049,2.03049,3.85714,13.2,0.5,-88.3623,-5.59217,4.7471,1,0,0,45,2,45,2
216,436000000000,CCO,c0_TxPower_delta,2,0.203049,2.03049,3.85714,13.8,0.5,-88.3623,-5.59217,4.7471,1,0,0,0.203049,2.03049,3.85714,13.2,0.5,-88.3623,-5.59217,4.7471,1,0,0,45,2,45,3
217,438000000000,CCO,c1_TxPower_delta,2,0.294089,2.94089,4.71429,15.9084,0.591604,-87.3623,-5.18802,4.7471,1,0,0,0.203015,2.03015,3.85714,13.2916,0.408396,-88.3623,-6.04523,4.7471,1,0,0,46,2,45,3
218,440000000000,ES,c0_TxPower_delta,-1,0.203049,2.03049,3.85714,16,0.5,-87.3623,-5.59187,4.7471,1,0,0,0.203049,2.03049,3.85714,15.4,0.5,-87.3623,-5.59187,4.7471,1,0,0,46,2,46,3
219,442000000000,MLB,c1_CIO_delta,-1,0.202982,2.02982,3.85714,13.8916,0.408375,-88.3623,-6.04523,4.7471,1,0,0,0.294066,2.94066,4.71429,15.3084,0.591625,-87.3623,-5.18802,4.7471,1,0,0,45,2,46,3
220,444000000000,ES,c1_TxPower_delta,-1,0.202921,2.02921,3.85714,13.8917,0.408276,-88.3623,-6.04523,4.7471,1,0,0,0.294099,2.94099,4.71429,15.3083,0.591724,-87.3623,-5.18802,4.7471,1,0,0,45,2,46,2
221,446000000000,MLB,c0_CIO_delta,1,0.203049,2.03049,3.85714,13.8,0.5,-88.3623,-5.59217,4.7471,1,0,0,0.203049,2.03049,3.85714,13.2,0.5,-88.3623,-5.59217,4.7471,1,0,0,45,2,45,2
222,448000000000,CCO,c1_TxPower_delta,2,0.203049,2.03049,3.85714,13.8,0.5,-88.3623,-5.59217,4.7471,1,0,0,0.203049,2.03049,3.85714,13.2,0.5,-88.3623,-5.59217,4.7471,1,0,0,45,3,45,2
223,450000000000,CCO,c0_TxPower_delta,2,0.202998,2.02998,3.85714,13.8916,0.408417,-88.3623,-6.04523,4.7471,1,0,0,0.294038,2.94038,4.71429,15.3084,0.591583,-87.3623,-5.18802,4.7471,1,0,0,45,3,46,2
224,452000000000,ES,c1_TxPower_delta,-1,0.203049,2.03049,3.85714,16,0.5,-87.3623,-5.59187,4.7471,1,0,0,0.203049,2.03049,3.85714,15.4,0.5,-87.3623,-5.59187,4.7471,1,0,0,46,3,46,2
225,454000000000,MLB,c0_CIO_delta,-1,0.293978,2.93978,4.71429,15.9084,0.591605,-87.3623,-5.18802,4.7471,1,0,0,0.202938,2.02938,3.85714,13.2916,0.408395,-88.3623,-6.04523,4.7471,1,0,0,46,3,45,2
226,456000000000,ES,c0_TxPower_delta,-1,0.294064,2.94064,4.71429,15.9083,0.591716,-87.3623,-5.18802,4.7471,1,0,0,0.202905,2.02905,3.85714,13.2917,0.408284,-88.3623,-6.04523,4.7471,1,0,0,46,2,45,2
227,458000000000,MLB,c1_CIO_delta,1,0.203049,2.03049,3.85714,13.8,0.5,-88.3623,-5.59217,4.7471,1,0,0,0.203049,2.03049,3.85714,13.2,0.5,-88.3623,-5.59217,4.7471,1,0,0,45,2,45,2
228,460000000000,CCO,c0_TxPower_delta,2,0.203049,2.03049,3.85714,13.8,0.5,-88.3623,-5.59217,4.7471,1,0,0,0.203049,2.03049,3.85714,13.2,0.5,-88.3623,-5.59217,4.7471,1,0,0,45,2,45,3
229,462000000000,CCO,c1_TxPower_delta,2,0.294027,2.94027,4.71429,15.9084,0.591573,-87.3623,-5.18802,4.7471,1,0,0,0.202998,2.02998,3.85714,13.2916,0.408427,-88.3623,-6.04523,4.7471,1,0,0,46,2,45,3
230,464000000000,ES,c0_TxPower_delta,-1,0.203049,2.03049,3.85714,16,0.5,-87.3623,-5.59187,4.7471,1,0,0,0.203049,2.03049,3.85714,15.4,0.5,-87.3623,-5.59187,4.7471,1,0,0,46,2,46,3
231,466000000000,MLB,c1_CIO_delta,-1,0.202965,2.02965,3.85714,13.8917,0.408337,-88.3623,-6.04523,4.7471,1,0,0,0.294087,2.94087,4.71429,15.3083,0.591663,-87.3623,-5.18802,4.7471,1,0,0,45,2,46,3
232,468000000000,ES,c1_TxPower_delta,-1,0.202934,2.02934,3.85714,13.8917,0.408279,-88.3623,-6.04523,4.7471,1,0,0,0.294113,2.94113,4.71429,15.3083,0.591721,-87.3623,-5.18802,4.7471,1,0,0,45,2,46,2
233,470000000000,MLB,c0_CIO_delta,1,0.203049,2.03049,3.85714,13.8,0.5,-88.3623,-5.59217,4.7471,1,0,0,0.203049,2.03049,3.85714,13.2,0.5,-88.3623,-5.59217,4.7471,1,0,0,45,2,45,2
234,472000000000,CCO,c1_TxPower_delta,2,0.203049,2.03049,3.85714,13.8,0.5,-88.3623,-5.59217,4.7471,1,0,0,0.203049,2.03049,3.85714,13.2,0.5,-88.3623,-5.59217,4.7471,1,0,0,45,3,45,2
235,474000000000,CCO,c0_TxPower_delta,2,0.202965,2.02965,3.85714,13.8917,0.408296,-88.3623,-6.04523,4.7471,1,0,0,0.294138,2.94138,4.71429,15.3083,0.591704,-87.3623,-5.18802,4.7471,1,0,0,45,3,46,2
236,476000000000,ES,c1_TxPower_delta,-1,0.203049,2.03049,3.85714,16,0.5,-87.3623,-5.59187,4.7471,1,0,0,0.203049,2.03049,3.85714,15.4,0.5,-87.3623,-5.59187,4.7471,1,0,0,46,3,46,2
237,478000000000,MLB,c0_CIO_delta,-1,0.294211,2.94211,4.71429,15.9082,0.591756,-87.3623,-5.18802,4.7471,1,0,0,0.202972,2.02972,3.85714,13.2918,0.408244,-88.3623,-6.04523,4.7471,1,0,0,46,3,45,2
238,480000000000,ES,c0_TxPower_delta,-1,0.294186,2.94186,4.71429,15.9083,0.591744,-87.3623,-5.18802,4.7471,1,0,0,0.202965,2.02965,3.85714,13.2917,0.408256,-88.3623,-6.04523,4.7471,1,0,0,46,2,45,2
239,482000000000,MLB,c1_CIO_delta,1,0.203049,2.03049,3.85714,13.8,0.5,-88.3623,-5.59217,4.7471,1,0,0,0.203049,2.03049,3.85714,13.2,0.5,-88.3623,-5.59217,4.7471,1,0,0,45,2,45,2
240,484000000000,CCO,c0_TxPower_delta,2,0.203049,2.03049,3.85714,13.8,0.5,-88.3623,-5.59217,4.7471,1,0,0,0.203049,2.03049,3.85714,13.2,0.5,-88.3623,-5.59217,4.7471,1,0,0,45,2,45,3
241,486000000000,CCO,c1_TxPower_delta,2,0.294162,2.94162,4.71429,15.9083,0.591704,-87.3623,-5.18802,4.7471,1,0,0,0.202982,2.02982,3.85714,13.2917,0.408296,-88.3623,-6.04523,4.7471,1,0,0,46,2,45,3
242,488000000000,ES,c0_TxPower_delta,-1,0.203049,2.03049,3.85714,16,0.5,-87.3623,-5.59187,4.7471,1,0,0,0.203049,2.03049,3.85714,15.4,0.5,-87.3623,-5.59187,4.7471,1,0,0,46,2,46,3
243,490000000000,MLB,c1_CIO_delta,-1,0.203015,2.03015,3.85714,13.8915,0.408457,-88.3623,-6.04523,4.7471,1,0,0,0.294014,2.94014,4.71429,15.3085,0.591543,-87.3623,-5.18802,4.7471,1,0,0,45,2,46,3
244,492000000000,ES,c1_TxPower_delta,-1,0.202878,2.02878,3.85714,13.8918,0.408172,-88.3623,-6.04523,4.7471,1,0,0,0.294162,2.94162,4.71429,15.3082,0.591828,-87.3623,-5.18802,4.7471,1,0,0,45,2,46,2
245,494000000000,MLB,c0_CIO_delta,1,0.203049,2.03049,3.85714,13.8,0.5,-88.3623,-5.59217,4.7471,1,0,0,0.203049,2.03049,3.85714,13.2,0.5,-88.3623,-5.59217,4.7471,1,0,0,45,2,45,2
246,496000000000,CCO,c1_TxPower_delta,2,0.203049,2.03049,3.85714,13.8,0.5,-88.3623,-5.59217,4.7471,1,0,0,0.203049,2.03049,3.85714,13.2,0.5,-88.3623,-5.59217,4.7471,1,0,0,45,3,45,2
247,498000000000,CCO,c0_TxPower_delta,2,0.202948,2.02948,3.85714,13.8916,0.408377,-88.3623,-6.04523,4.7471,1,0,0,0.294014,2.94014,4.71429,15.3084,0.591623,-87.3623,-5.18802,4.7471,1,0,0,45,3,46,2
