step,time_ns,xapp,adjusted_param,adjusted_value,c0_rbUtil,c0_dlThroughput,c0_AvgCqi,c0_RSRP,c0_RSRQ,c0_ulSinr,c0_hoSuccessRate,c0_hoFailureRate,c0_hoAttempts,c1_rbUtil,c1_dlThroughput,c1_AvgCqi,c1_RSRP,c1_RSRQ,c1_ulSinr,c1_hoSuccessRate,c1_hoFailureRate,c1_hoAttempts,c0_Param_TxPower,c0_Param_Hysteresis,c0_Param_TTT_ms,c1_Param_TxPower,c1_Param_Hysteresis,c1_Param_TTT_ms
0,2000000000,CCO,c0_TxPower_delta,2,0.01,0.335083,15,-71.5243,-3.01501,36.469,1,0,6,0.364,5.85756,14.8889,-87.8612,-3.71557,16.6254,1,0,6,40,1,128,46,1,128
1,3000000000,CCO,c1_TxPower_delta,0,0.014,0.4021,15,-70.7882,-3.01596,34.9529,1,0,0,0.372,5.92657,15,-87.9329,-3.96896,16.7355,1,0,0,40,1,128,46,1,128
2,4000000000,ES,c0_TxPower_delta,0,0.01,0.335083,15,-68.6599,-3.01244,37.8483,1,0,0,0.368,6.17761,15,-88.1377,-3.94697,16.4343,1,0,0,40,1,128,46,1,128
3,5000000000,ES,c1_TxPower_delta,-1,0.012,0.368591,15,-69.2318,-3.0146,36.3413,1,0,0,0.354,5.89215,15,-87.9611,-3.87049,16.3851,1,0,0,40,1,128,45,1,128
4,6000000000,MLB,c0_Hysteresis_delta,0.5,0.014,0.4021,15,-69.2612,-3.01395,36.2792,1,0,0,0.41,6.21361,14.6667,-89.8857,-4.50741,17.0885,1,0,0,40,1.5,128,45,1,128
5,7000000000,MLB,c1_Hysteresis_delta,-0.5,0.01,0.335083,15,-70.5418,-3.01395,38.7277,1,0,0,0.37,6.03952,14.8889,-89.3857,-4.29623,16.9612,1,0,0,40,1.5,128,45,0.5,128
6,8000000000,MRO,c0_TTT_delta_ms,0,0.01,0.335083,15,-69.6088,-3.0126,35.2394,1,0,0,0.416,6.52748,14.7778,-89.7145,-4.31901,16.8203,1,0,0,40,1.5,128,45,0.5,128
7,9000000000,MRO,c1_TTT_delta_ms,0,0.01,0.335083,15,-70.9264,-3.01521,36.9809,1,0,0,0.404,6.40033,14.8889,-89.439,-4.35013,16.6578,1,0,0,40,1.5,128,45,0.5,128
8,10000000000,CCO,c0_TxPower_delta,2,0.012,0.368591,15,-72.4808,-3.01924,38.4804,1,0,0,0.412,6.42929,14.2222,-88.7772,-4.1709,16.7365,1,0,0,42,1.5,128,45,0.5,128
9,11000000000,CCO,c1_TxPower_delta,0,0.01,0.335083,15,-67.6063,-3.01222,34.942,1,0,0,0.396,6.3317,15,-89.0018,-4.799,16.7557,1,0,0,42,1.5,128,45,0.5,128
10,12000000000,ES,c0_TxPower_delta,0,0.012,0.368591,15,-68.2031,-3.01205,37.7417,1,0,0,0.394,6.20644,14.3333,-89.4863,-4.82212,16.9485,1,0,0,42,1.5,128,45,0.5,128
11,13000000000,ES,c1_TxPower_delta,-1,0.01,0.335083,15,-67.0023,-3.01169,36.7944,1,0,0,0.416,6.42059,14.7778,-89.7918,-4.92357,17.4042,1,0,0,42,1.5,128,44,0.5,128
12,14000000000,MLB,c0_Hysteresis_delta,0.5,0.01,0.335083,15,-69.4543,-3.01356,39.2626,1,0,0,0.444,6.53751,14.3333,-90.6526,-5.40027,16.846,1,0,0,42,2,128,44,0.5,128
13,15000000000,MLB,c1_Hysteresis_delta,-0.5,0.01,0.335083,15,-69.8585,-3.01216,37.4083,1,0,0,0.406,6.42809,14.7778,-90.3168,-5.27003,16.3579,1,0,0,42,2,128,44,0,128
14,16000000000,MRO,c0_TTT_delta_ms,-20,0.01,0.335083,15,-68.0157,-3.01222,39.6996,1,0,2,0.402,6.12373,14.4444,-91.1164,-5.64845,16.5335,1,0,2,42,2,108,44,0,128
15,17000000000,MRO,c1_TTT_delta_ms,0,0.01,0.335083,15,-67.3027,-3.01212,34.2011,1,0,0,0.43,6.35347,14.4444,-90.2328,-5.27846,16.9186,1,0,0,42,2,108,44,0,128
16,18000000000,CCO,c0_TxPower_delta,2,0.01,0.335083,15,-68.6226,-3.01229,38.4115,1,0,0,0.406,6.24355,15,-90.3695,-5.12932,17.3581,1,0,0,44,2,108,44,0,128
17,19000000000,CCO,c1_TxPower_delta,0,0.192,4.6165,14.75,-82.6882,-4.83709,22.9644,1,0,3,0.406,8.73633,14.6667,-90.2482,-6.10429,17.4681,1,0,3,44,2,108,44,0,128
18,20000000000,ES,c0_TxPower_delta,-1,0.346,7.94452,13.6,-86.921,-5.40393,20.05,1,0,5,0.41,9.95654,13.8,-88.778,-5.8507,18.6123,1,0,5,43,2,108,44,0,128
19,21000000000,ES,c1_TxPower_delta,-1,0.214,5.86035,15,-85.0459,-5.45984,18.9415,1,0,2,0.38,9.54579,14.7143,-89.1957,-5.13452,16.5466,1,0,2,43,2,108,43,0,128
20,22000000000,MLB,c0_Hysteresis_delta,0.5,0.136,3.2361,15,-80.2871,-4.47908,21.314,1,0,2,0.442,8.01857,14.2857,-90.6478,-5.96188,16.8751,1,0,2,43,2.5,108,43,0,128
21,23000000000,MLB,c1_Hysteresis_delta,0,0.336,7.97646,15,-87.4712,-6.03668,18.3121,1,0,4,0.438,10.2137,14.7143,-89.6765,-5.55755,16.6437,1,0,4,43,2.5,108,43,0,128
22,24000000000,MRO,c0_TTT_delta_ms,-20,0.514,10.0923,14.6,-89.84,-6.29013,17.5995,1,0,12,0.492,10.4259,14.2,-89.334,-6.08548,17.957,1,0,12,43,2.5,88,43,0,128
23,25000000000,MRO,c1_TTT_delta_ms,-20,0.446,9.483,15,-89.04,-5.97173,18.1268,1,0,4,0.48,10.3119,14.7143,-88.6411,-5.68128,17.6592,1,0,4,43,2.5,88,43,0,108
24,26000000000,CCO,c0_TxPower_delta,0,0.408,8.88681,14.75,-88.8482,-6.1111,16.0838,1,0,3,0.456,10.5894,15,-88.559,-5.57276,16.0703,1,0,3,43,2.5,88,43,0,108
25,27000000000,CCO,c1_TxPower_delta,0,0.422,9.8741,14.8,-90.3251,-6.06403,16.858,1,0,5,0.304,7.33916,15,-85.7056,-5.35492,16.7516,1,0,5,43,2.5,88,43,0,108
26,28000000000,ES,c0_TxPower_delta,-1,0.37,8.17073,15,-86.9029,-5.41424,14.4964,1,0,4,0.41,9.68938,15,-90.3356,-6.4091,14.9168,1,0,4,42,2.5,88,43,0,108
27,29000000000,ES,c1_TxPower_delta,-1,0.384,8.4532,14.6667,-88.91,-5.93522,14.5907,1,0,6,0.418,9.84349,14.4286,-89.3907,-5.52536,15.039,1,0,6,42,2.5,88,42,0,108
28,30000000000,MLB,c0_Hysteresis_delta,0,0.34,8.05116,14.2,-87.6672,-4.96328,15.7717,1,0,4,0.442,9.68259,14.4,-90.986,-5.68539,14.9487,1,0,4,42,2.5,88,42,0,108
29,31000000000,MLB,c1_Hysteresis_delta,0,0.474,10.5495,14.7143,-90.7766,-5.76816,15.9617,1,0,2,0.366,7.92224,13.3333,-88.7136,-5.50471,17.4796,1,0,2,42,2.5,88,42,0,108
30,32000000000,MRO,c0_TTT_delta_ms,-20,0.218,4.98659,15,-85.4938,-5.65121,18.4889,1,0,8,0.464,9.53951,14.4286,-91.4278,-5.7455,16.2456,1,0,8,42,2.5,68,42,0,108
31,33000000000,MRO,c1_TTT_delta_ms,-20,0.53,10.1129,14.2,-90.5861,-6.35203,14.9292,1,0,6,0.506,10.2071,15,-89.95,-5.92358,14.8187,1,0,6,42,2.5,68,42,0,88
32,34000000000,CCO,c0_TxPower_delta,2,0.472,9.30005,7,-89.4572,-5.55506,14.1581,1,0,2,0.508,10.4462,5.8,-91.1046,-5.95382,14.6621,1,0,2,44,2.5,68,42,0,88
33,35000000000,CCO,c1_TxPower_delta,2,0.428,6.72375,15,-90.297,-4.85266,15.8697,1,0,4,0.034,0.747025,15,-67.2303,-3.0122,21.7668,1,0,4,44,2.5,68,44,0,88
34,36000000000,ES,c0_TxPower_delta,-1,0.448,7.74792,14.25,-89.643,-5.46625,14.8555,1,0,1,0.13,2.97212,15,-79.7407,-4.8469,17.7772,1,0,1,43,2.5,68,44,0,88
35,37000000000,ES,c1_TxPower_delta,-1,0.43,10.2112,15,-88.7418,-6.07837,14.6929,1,0,8,0.43,9.4286,14.5,-87.633,-5.67983,14.0443,1,0,8,43,2.5,68,43,0,88
36,38000000000,MLB,c0_Hysteresis_delta,0.5,0.164,4.3201,15,-83.0219,-5.62064,21.6857,1,0,7,0.418,8.16234,14,-90.8304,-5.94365,17.4893,1,0,7,43,3,68,43,0,88
37,39000000000,MLB,c1_Hysteresis_delta,0,0.486,10.5411,14.6667,-89.0307,-5.65907,17.1898,1,0,7,0.46,9.58643,14.5,-89.3213,-5.70104,18.8878,1,0,7,43,3,68,43,0,88
38,40000000000,MRO,c0_TTT_delta_ms,-20,0.39,8.84427,15,-88.8627,-5.77687,16.8398,1,0,5,0.432,9.90179,14.8,-89.9253,-6.07496,17.0057,1,0,5,43,3,48,43,0,88
39,41000000000,MRO,c1_TTT_delta_ms,-20,0.488,10.5468,14.2,-88.4432,-5.78511,15.7465,1,0,6,0.478,10.2573,15,-88.7611,-5.79948,16.5802,1,0,6,43,3,48,43,0,68
40,42000000000,CCO,c0_TxPower_delta,0,0.438,10.5276,14,-88.6803,-5.26681,16.3456,1,0,1,0.406,10.2226,14.5,-89.0429,-5.8079,16.7702,1,0,1,43,3,48,43,0,68
41,43000000000,CCO,c1_TxPower_delta,0,0.232,5.49309,15,-85.5418,-5.6471,18.931,1,0,4,0.426,9.97697,14.125,-90.4039,-5.46947,16.4719,1,0,4,43,3,48,43,0,68
42,44000000000,ES,c0_TxPower_delta,-1,0.482,10.9594,14.6667,-89.6884,-5.87088,18.5748,1,0,4,0.398,8.2879,15,-87.5136,-5.08201,20.2163,1,0,4,42,3,48,43,0,68
43,45000000000,ES,c1_TxPower_delta,-1,0.25,6.11626,15,-86.4322,-5.82733,21.4551,1,0,5,0.416,10.1945,14.7143,-90.3018,-5.56831,17.0236,1,0,5,42,3,48,42,0,68
44,46000000000,MLB,c0_Hysteresis_delta,0,0.31,7.06325,14.5,-86.4778,-4.66856,19.6556,1,0,3,0.448,10.0692,15,-90.6094,-5.94479,18.0887,1,0,3,42,3,48,42,0,68
45,47000000000,MLB,c1_Hysteresis_delta,0.5,0.464,8.92963,14.1429,-91.7226,-5.49529,17.4241,1,0,5,0.238,5.21486,15,-86.7519,-5.9737,21.5306,1,0,5,42,3,48,42,0.5,68
46,48000000000,MRO,c0_TTT_delta_ms,-20,0.458,10.1591,14.5,-90.3747,-5.58073,18.3148,1,0,3,0.364,7.58014,15,-89.3543,-5.53572,20.0912,1,0,3,42,3,28,42,0.5,68
47,49000000000,MRO,c1_TTT_delta_ms,-20,0.59,9.45642,14.5,-90.2725,-5.87602,18.1401,1,0,4,0.626,10.5125,14.5,-90.236,-5.74798,18.5858,1,0,4,42,3,28,42,0.5,48
48,50000000000,CCO,c0_TxPower_delta,2,0.07,1.48476,15,-78.7517,-4.94152,24.0335,1,0,6,0.488,6.95348,14.375,-92.4486,-5.96807,15.7663,1,0,6,44,3,28,42,0.5,48
49,51000000000,CCO,c1_TxPower_delta,0,0.426,8.38145,14.5556,-90.2664,-5.38246,17.4617,1,0,7,0.156,3.74973,15,-84.3158,-5.84583,22.2825,1,0,7,44,3,28,42,0.5,48
50,52000000000,ES,c0_TxPower_delta,-1,0.422,6.33421,14.6667,-90.4306,-4.94669,16.1106,1,0,0,0.01,0.335083,15,-66.8522,-3.0114,36.2785,1,0,0,43,3,28,42,0.5,48
51,53000000000,ES,c1_TxPower_delta,0,0.428,6.39525,14.1111,-91.0152,-5.31499,16.7838,1,0,0,0.01,0.335083,15,-69.3869,-3.01169,37.6478,1,0,0,43,3,28,42,0.5,48
52,54000000000,MLB,c0_Hysteresis_delta,-0.5,0.422,9.45235,13.5714,-90.5454,-5.6584,17.7926,1,0,4,0.228,5.48318,14.6667,-86.2768,-5.66389,21.2293,1,0,4,43,2.5,28,42,0.5,48
53,55000000000,MLB,c1_Hysteresis_delta,0,0.466,10.4547,14.375,-90.0356,-5.50622,17.5385,1,0,5,0.34,7.25284,15,-89.4519,-6.01853,21.0211,1,0,5,43,2.5,28,42,0.5,48
54,56000000000,MRO,c0_TTT_delta_ms,-20,0.396,7.77843,15,-91.312,-5.85739,17.2494,1,0,4,0.148,3.54823,14,-81.2542,-4.75668,25.6901,1,0,4,43,2.5,8,42,0.5,48
55,57000000000,MRO,c1_TTT_delta_ms,-20,0.444,6.97624,14.6667,-90.1916,-5.16836,16.7512,1,0,3,0.06,1.43536,15,-78.9654,-5.05761,30.1952,1,0,3,43,2.5,8,42,0.5,28
56,58000000000,CCO,c0_TxPower_delta,0,0.422,6.36234,14.5556,-91.2948,-5.31228,16.2735,1,0,0,0.01,0.335083,15,-69.0467,-3.01155,38.1094,1,0,0,43,2.5,8,42,0.5,28
57,59000000000,CCO,c1_TxPower_delta,0,0.434,8.50456,14.3333,-90.2045,-5.14293,17.0028,1,0,4,0.15,3.45877,15,-85.5763,-6.16074,25.915,1,0,4,43,2.5,8,42,0.5,28
58,60000000000,ES,c0_TxPower_delta,-1,0.428,8.26015,14.4286,-91.2757,-5.84397,16.4337,1,0,2,0.16,4.07411,14.3333,-83.9045,-4.87457,24.6905,1,0,2,42,2.5,8,42,0.5,28
59,61000000000,ES,c1_TxPower_delta,-1,0.436,10.0244,14.8571,-91.2846,-5.77516,17.6289,1,0,4,0.272,6.04915,14.3333,-86.833,-6.10191,21.784,1,0,4,42,2.5,8,41,0.5,28
60,62000000000,MLB,c0_Hysteresis_delta,-0.5,0.48,7.9174,14.375,-91.2682,-5.16317,17.272,1,0,5,0.146,2.82448,15,-83.0141,-4.44096,25.0645,1,0,5,42,2,8,41,0.5,28
61,63000000000,MLB,c1_Hysteresis_delta,0.5,0.476,7.36719,14,-92.28,-5.65319,17.002,1,0,4,0.128,2.41516,15,-82.7506,-5.2217,24.6841,1,0,4,42,2,8,41,1,28
62,64000000000,MRO,c0_TTT_delta_ms,-20,0.466,8.93114,14.25,-91.6312,-5.2309,17.7339,1,0,4,0.188,4.27509,15,-85.3965,-5.49699,23.3547,1,0,4,42,2,0,41,1,28
63,65000000000,MRO,c1_TTT_delta_ms,-20,0.488,7.34305,14.6667,-93.1526,-5.89625,16.7067,1,0,3,0.102,2.1004,15,-83.8834,-5.20049,25.7681,1,0,3,42,2,0,41,1,8
64,66000000000,CCO,c0_TxPower_delta,0,0.48,7.54918,14.75,-91.9406,-5.61068,16.2724,1,0,1,0.118,2.62189,14,-82.8529,-4.5231,19.1526,1,0,1,42,2,0,41,1,8
65,67000000000,CCO,c1_TxPower_delta,2,0.458,7.123,14,-91.8671,-5.28578,16.3702,1,0,3,0.062,1.42181,15,-78.235,-4.69103,22.3146,1,0,3,42,2,0,43,1,8
66,68000000000,ES,c0_TxPower_delta,-1,0.58,9.98827,14.75,-89.2698,-5.4902,17.9109,1,0,5,0.576,10.032,15,-89.4126,-5.67895,16.7745,1,0,5,41,2,0,43,1,8
67,69000000000,ES,c1_TxPower_delta,-1,0.118,2.63727,15,-82.7131,-4.912,24.3,1,0,5,0.474,7.73079,14,-91.6022,-5.15392,17.5427,1,0,5,41,2,0,42,1,8
68,70000000000,MLB,c0_Hysteresis_delta,0.5,0.01,0.335083,15,-69.9692,-3.01141,37.1137,1,0,0,0.454,6.55862,14.7778,-91.8592,-5.35843,16.9831,1,0,0,41,2.5,0,42,1,8
69,71000000000,MLB,c1_Hysteresis_delta,-0.5,0.01,0.335083,15,-68.9665,-3.01209,37.9128,1,0,0,0.466,6.31488,14.1111,-92.9249,-5.87595,17.3708,1,0,0,41,2.5,0,42,0.5,8
70,72000000000,MRO,c0_TTT_delta_ms,-20,0.236,4.54996,15,-88.676,-6.38961,22.8788,1,0,6,0.504,9.01842,14.1111,-91.227,-5.37764,17.6138,1,0,6,41,2.5,0,42,0.5,8
71,73000000000,MRO,c1_TTT_delta_ms,-20,0.06,1.30156,15,-79.326,-4.8832,31.3132,1,0,2,0.476,7.09415,14.3333,-91.7874,-5.15308,16.8613,1,0,2,41,2.5,0,42,0.5,0
72,74000000000,CCO,c0_TxPower_delta,2,0.07,1.55054,15,-78.902,-4.93462,23.3732,1,0,3,0.492,7.06924,14.75,-92.4984,-5.77277,16.2463,1,0,3,43,2.5,0,42,0.5,0
73,75000000000,CCO,c1_TxPower_delta,0,0.36,7.66722,14.5714,-88.2549,-5.57374,17.4304,1,0,5,0.428,8.80354,14.3333,-91.2384,-6.55317,17.5394,1,0,5,43,2.5,0,42,0.5,0
74,76000000000,ES,c0_TxPower_delta,-1,0.474,7.87779,14.125,-91.351,-5.31691,17.077,1,0,1,0.124,2.83804,14,-81.8927,-4.44296,26.5336,1,0,1,42,2.5,0,42,0.5,0
75,77000000000,ES,c1_TxPower_delta,-1,0.446,9.92264,14.2857,-91.2187,-6.02771,18.3838,1,0,5,0.304,6.31203,14,-87.9448,-5.82141,21.0152,1,0,5,42,2.5,0,41,0.5,0
76,78000000000,MLB,c0_Hysteresis_delta,-0.5,0.472,9.46382,14.5714,-92.0651,-5.61064,15.3929,1,0,4,0.234,4.86305,14.6667,-85.9035,-5.16814,22.723,1,0,4,42,2,0,41,0.5,0
77,79000000000,MLB,c1_Hysteresis_delta,0.5,0.488,9.5602,14.1429,-92.3303,-5.76895,16.656,1,0,6,0.236,4.62012,13.6667,-87.5,-6.16085,21.7578,1,0,6,42,2,0,41,1,0
78,80000000000,MRO,c0_TTT_delta_ms,-20,0.45,8.91066,13.875,-92.0013,-5.36359,16.432,1,0,3,0.182,4.14192,14.5,-85.2684,-5.62576,21.475,1,0,3,42,2,0,41,1,0
79,81000000000,MRO,c1_TTT_delta_ms,-20,0.49,7.41611,14.3333,-91.6412,-5.29455,17.1477,1,0,3,0.106,2.18147,15,-82.4019,-4.96379,26.5361,1,0,3,42,2,0,41,1,0
80,82000000000,CCO,c0_TxPower_delta,0,0.454,8.14459,14.7143,-91.3267,-5.55861,16.9158,1,0,2,0.148,3.24033,15,-83.2062,-4.81978,25.2748,1,0,2,42,2,0,41,1,0
81,83000000000,CCO,c1_TxPower_delta,2,0.47,7.97031,14.875,-91.9813,-5.76951,17.3455,1,0,3,0.128,2.8109,15,-83.6838,-5.08713,26.1237,1,0,3,42,2,0,43,1,0
82,84000000000,ES,c0_TxPower_delta,-1,0.288,5.69075,15,-88.2946,-6.32804,20.6319,1,0,7,0.458,9.76131,14.5556,-90.3135,-5.59585,18.0783,1,0,7,41,2,0,43,1,0
83,85000000000,ES,c1_TxPower_delta,-1,0.01,0.335083,15,-68.559,-3.01175,38.0507,1,0,0,0.45,6.45535,14.7778,-91.4727,-5.55429,17.6361,1,0,0,41,2,0,42,1,0
84,86000000000,MLB,c0_Hysteresis_delta,0.5,0.24,5.48766,15,-87.1349,-5.14623,22.7405,1,0,3,0.39,9.16417,13.6667,-91.5804,-5.81169,17.0386,1,0,3,41,2.5,0,42,1,0
85,87000000000,MLB,c1_Hysteresis_delta,-0.5,0.014,0.378754,15,-70.1176,-3.01152,29.3489,1,0,3,0.486,6.64532,14.2222,-93.0407,-5.68883,15.6808,1,0,3,41,2.5,0,42,0.5,0
86,88000000000,MRO,c0_TTT_delta_ms,-20,0.016,0.452042,15,-69.8281,-3.01271,25.2978,1,0,2,0.472,6.73927,14.3333,-92.8524,-5.51387,16.8387,1,0,2,41,2.5,0,42,0.5,0
87,89000000000,MRO,c1_TTT_delta_ms,-20,0.226,5.12456,14.3333,-87.6964,-5.09157,15.6287,1,0,2,0.416,9.24347,14.2857,-91.8852,-5.53824,16.1442,1,0,2,41,2.5,0,42,0.5,0
88,90000000000,CCO,c0_TxPower_delta,0,0.354,7.56281,14,-89.2596,-5.50244,12.3004,1,0,6,0.448,10.0725,14.4286,-91.5975,-5.40998,14.5305,1,0,6,41,2.5,0,42,0.5,0
89,91000000000,CCO,c1_TxPower_delta,0,0.192,4.35271,14.3333,-85.7575,-5.54387,12.802,1,0,4,0.426,8.71005,15,-92.1088,-5.74612,14.6291,1,0,4,41,2.5,0,42,0.5,0
90,92000000000,ES,c0_TxPower_delta,0,0.112,2.27498,15,-83.6159,-5.77858,16.447,1,0,4,0.478,7.48282,14.2222,-91.1152,-5.22827,16.1204,1,0,4,41,2.5,0,42,0.5,0
91,93000000000,ES,c1_TxPower_delta,-1,0.01,0.335083,15,-70.259,-3.01146,24.1745,1,0,0,0.474,6.50116,14.3333,-92.6174,-5.66847,16.5989,1,0,0,41,2.5,0,41,0.5,0
92,94000000000,MLB,c0_Hysteresis_delta,0,0.342,7.13354,14.2,-89.8863,-5.67231,15.2184,1,0,4,0.458,9.95992,14,-92.3387,-6.23952,15.1804,1,0,4,41,2.5,0,41,0.5,0
93,95000000000,MLB,c1_Hysteresis_delta,0,0.464,9.25658,14.4,-91.0723,-6.18454,16.4466,1,0,12,0.5,10.6344,14.2,-91.2717,-5.85531,16.4206,1,0,12,41,2.5,0,41,0.5,0
94,96000000000,MRO,c0_TTT_delta_ms,-20,0.468,10.0345,14.6,-91.9883,-5.90315,16.4694,1,0,6,0.414,9.01219,13.6,-90.692,-5.73276,16.9229,1,0,6,41,2.5,0,41,0.5,0
95,97000000000,MRO,c1_TTT_delta_ms,-20,0.52,9.642,14.25,-90.5105,-5.57064,17.1675,1,0,5,0.546,9.93697,13.6667,-90.8813,-5.65228,16.061,1,0,5,41,2.5,0,41,0.5,0
96,98000000000,CCO,c0_TxPower_delta,0,0.492,8.99898,13.8,-91.2286,-6.01804,17.3015,1,0,5,0.524,10.3277,14.4,-92.2407,-5.75334,16.6614,1,0,5,41,2.5,0,41,0.5,0
97,99000000000,CCO,c1_TxPower_delta,0,0.378,8.20502,14.1667,-88.752,-5.38917,16.7609,1,0,3,0.436,10.0003,13.75,-91.3221,-5.63279,15.6893,1,0,3,41,2.5,0,41,0.5,0
98,100000000000,ES,c0_TxPower_delta,-1,0.534,8.47762,14,-91.1737,-6.24852,19.1407,1,0,9,0.628,10.3112,13.4286,-91.4904,-5.87082,17.9516,1,0,9,40,2.5,0,41,0.5,0
99,101000000000,ES,c1_TxPower_delta,-1,0.276,5.77211,14,-88.3688,-5.71062,22.054,1,0,6,0.458,10.0018,14.7143,-92.0183,-5.24233,17.2221,1,0,6,40,2.5,0,40,0.5,0
100,102000000000,MLB,c0_Hysteresis_delta,0,0.424,7.2084,13.25,-91.4456,-5.48701,19.71,1,0,3,0.552,9.62411,13.8333,-93.1015,-5.8129,18.3533,1,0,3,40,2.5,0,40,0.5,0
101,103000000000,MLB,c1_Hysteresis_delta,0,0.43,7.16051,13.6,-89.2838,-5.15361,19.8438,1,0,5,0.558,9.57938,13.8,-94.0278,-6.23545,18.0968,1,0,5,40,2.5,0,40,0.5,0
102,104000000000,MRO,c0_TTT_delta_ms,-20,0.61,9.68124,13.8,-92.2585,-5.85585,18.3973,1,0,6,0.614,10.0766,14.4,-92.2693,-5.91525,18.0243,1,0,6,40,2.5,0,40,0.5,0
103,105000000000,MRO,c1_TTT_delta_ms,-20,0.384,6.48,13.3333,-90.3894,-5.68532,20.5431,1,0,8,0.544,10.1437,13.5714,-92.9523,-5.69293,17.4495,1,0,8,40,2.5,0,40,0.5,0
104,106000000000,CCO,c0_TxPower_delta,0,0.476,8.96857,13.8333,-90.6827,-5.59931,17.6516,1,0,5,0.506,9.70068,15,-92.9342,-5.85915,18.3503,1,0,5,40,2.5,0,40,0.5,0
105,107000000000,CCO,c1_TxPower_delta,0,0.364,7.05991,13.25,-89.3083,-5.46248,18.9288,1,0,4,0.526,9.74121,14,-93.7386,-6.02167,17.7405,1,0,4,40,2.5,0,40,0.5,0
106,108000000000,ES,c0_TxPower_delta,-1,0.462,9.61687,13.75,-92.5412,-5.515,17.6376,1,0,4,0.296,6.20941,14.5,-89.5755,-5.59574,17.2438,1,0,4,39,2.5,0,40,0.5,0
107,109000000000,ES,c1_TxPower_delta,-1,0.53,8.79977,13.5,-91.7755,-5.48677,17.9171,1,0,4,0.576,10.2184,14.5,-92.7503,-5.45577,16.1588,1,0,4,39,2.5,0,39,0.5,0
108,110000000000,MLB,c0_Hysteresis_delta,0.5,0.298,5.11392,14.3333,-89.8227,-5.12972,19.9091,1,0,5,0.558,8.93813,13.2857,-94.4253,-5.84829,16.6739,1,0,5,39,3,0,39,0.5,0
109,111000000000,MLB,c1_Hysteresis_delta,0.5,0.554,9.18719,13.4286,-95.397,-6.11305,16.0243,1,0,10,0.25,4.5074,13.3333,-88.9648,-5.4644,18.9576,1,0,10,39,3,0,39,1,0
110,112000000000,MRO,c0_TTT_delta_ms,-20,0.498,9.84727,13.4,-95.2016,-6.35085,16.642,1,0,4,0.322,6.29237,13.4,-89.5516,-4.87271,18.7102,1,0,4,39,3,0,39,1,0
111,113000000000,MRO,c1_TTT_delta_ms,-20,0.416,6.86359,13.75,-91.3646,-5.45669,20.8623,1,0,3,0.522,10.0252,13.1667,-94.1086,-5.89276,17.773,1,0,3,39,3,0,39,1,0
112,114000000000,CCO,c0_TxPower_delta,0,0.56,9.73035,12.8,-92.252,-5.39035,16.6314,1,0,3,0.592,9.45447,13.2,-92.5908,-5.33095,17.6,1,0,3,39,3,0,39,1,0
113,115000000000,CCO,c1_TxPower_delta,0,0.646,10.2235,13.125,-92.554,-5.48625,18.1272,1,0,7,0.612,9.03407,15,-93.5506,-6.58276,18.8108,1,0,7,39,3,0,39,1,0
114,116000000000,ES,c0_TxPower_delta,-1,0.562,9.2016,13.75,-93.2779,-5.72273,18.5297,1,0,6,0.594,9.12579,14.1667,-93.414,-6.08164,18.4801,1,0,6,38,3,0,39,1,0
115,117000000000,ES,c1_TxPower_delta,-1,0.408,6.59967,13,-91.9216,-5.33673,19.5913,1,0,5,0.544,9.92233,13.7143,-94.1597,-5.42974,16.6275,1,0,5,38,3,0,38,1,0
116,118000000000,MLB,c0_Hysteresis_delta,0.5,0.152,2.84627,13.6667,-86.1204,-4.4555,25.0647,1,0,4,0.542,7.77461,12.8571,-95.8732,-5.91734,16.6976,1,0,4,38,3.5,0,38,1,0
117,119000000000,MLB,c1_Hysteresis_delta,0,0.624,9.23373,12.8571,-94.8353,-5.5622,18.1856,1,0,4,0.498,7.29553,14.3333,-92.3422,-5.90643,18.4294,1,0,4,38,3.5,0,38,1,0
118,120000000000,MRO,c0_TTT_delta_ms,-20,0.508,7.48828,14,-93.4134,-5.78418,18.7926,1,0,5,0.624,9.69147,13.3333,-95.0987,-5.96051,17.4965,1,0,5,38,3.5,0,38,1,0
119,121000000000,MRO,c1_TTT_delta_ms,-20,0.494,6.83316,15,-92.8129,-5.91212,19.9517,1,0,7,0.63,8.8653,12.5714,-95.0098,-5.93336,17.5117,1,0,7,38,3.5,0,38,1,0
120,122000000000,CCO,c0_TxPower_delta,0,0.558,8.97224,13,-96.0292,-6.10999,17.7253,1,0,7,0.368,6.18431,13.5,-91.4607,-5.19061,20.8478,1,0,7,38,3.5,0,38,1,0
121,123000000000,CCO,c1_TxPower_delta,2,0.486,7.26605,7.5,-92.659,-5.46628,20.9382,1,0,4,0.618,9.7784,4.66667,-95.0094,-5.78569,18.0168,1,0,4,38,3.5,0,40,1,0
122,124000000000,ES,c0_TxPower_delta,-1,0.34,5.7814,15,-91.7561,-6.35499,19.9247,1,0,5,0.52,10.299,13.5556,-93.3693,-4.91939,18.6662,1,0,5,37,3.5,0,40,1,0
123,125000000000,ES,c1_TxPower_delta,-1,0.012,0.368591,15,-74.94,-3.01504,39.1545,1,0,0,0.56,6.66034,13.4444,-94.8614,-5.04221,16.1435,1,0,0,37,3.5,0,39,1,0
124,126000000000,MLB,c0_Hysteresis_delta,0.5,0.01,0.335083,15,-74.8796,-3.01212,38.054,1,0,0,0.562,6.66428,14.3333,-95.0243,-5.10135,16.9899,1,0,0,37,4,0,39,1,0
125,127000000000,MLB,c1_Hysteresis_delta,-0.5,0.026,0.605164,13.5,-73.4136,-3.01257,34.6831,1,0,1,0.538,6.81953,14.125,-95.8692,-5.47283,16.6363,1,0,1,37,4,0,39,0.5,0
126,128000000000,MRO,c0_TTT_delta_ms,-20,0.094,1.86136,15,-86.9117,-5.27814,27.6844,1,0,1,0.552,7.24084,13.5556,-95.0748,-5.17363,16.3608,1,0,1,37,4,0,39,0.5,0
127,129000000000,MRO,c1_TTT_delta_ms,0,0.01,0.335083,15,-74.6103,-3.01221,39.5131,1,0,0,0.548,6.69154,13.3333,-95.378,-5.44502,16.6968,1,0,0,37,4,0,39,0.5,0
128,130000000000,CCO,c0_TxPower_delta,2,0.01,0.335083,15,-72.9401,-3.01242,39.3139,1,0,0,0.536,6.72675,14.2222,-95.3109,-5.05019,16.7199,1,0,0,39,4,0,39,0.5,0
129,131000000000,CCO,c1_TxPower_delta,0,0.288,5.83861,13,-90.0411,-5.55053,22.0308,1,0,2,0.506,9.96744,13.5714,-94.2622,-5.55397,17.8506,1,0,2,39,4,0,39,0.5,0
130,132000000000,ES,c0_TxPower_delta,-1,0.422,7.64682,14,-90.7807,-5.30735,19.9847,1,0,6,0.516,9.5759,13.6,-93.4211,-5.47009,17.524,1,0,6,38,4,0,39,0.5,0
131,133000000000,ES,c1_TxPower_delta,-1,0.544,8.66682,13.75,-93.8224,-6.14644,17.8305,1,0,3,0.548,9.07243,13,-92.8935,-5.57098,17.8116,1,0,3,38,4,0,38,0.5,0
132,134000000000,MLB,c0_Hysteresis_delta,0.5,0.3,5.26152,9.8,-88.2458,-4.82927,20.3178,1,0,7,0.596,8.94897,11.4,-96.3255,-6.19845,17.7925,1,0,7,38,4.5,0,38,0.5,0
133,135000000000,MLB,c1_Hysteresis_delta,0.5,0.774,9.64166,13.25,-94.7199,-6.12143,17.5423,1,0,7,0.61,6.72874,13,-93.3509,-6.31978,20.0526,1,0,7,38,4.5,0,38,1,0
134,136000000000,MRO,c0_TTT_delta_ms,-20,0.424,7.22047,14.4,-91.2133,-5.16177,19.4671,1,0,9,0.568,9.24986,12.8,-95.1455,-5.58506,17.1727,1,0,9,38,4.5,0,38,1,0
135,137000000000,MRO,c1_TTT_delta_ms,-20,0.552,9.63852,12.6667,-94.8154,-5.95759,17.8006,1,0,1,0.444,7.5345,13.25,-92.2893,-5.01755,19.9741,1,0,1,38,4.5,0,38,1,0
136,138000000000,CCO,c0_TxPower_delta,0,0.528,8.90865,13.8571,-92.7838,-5.21815,15.7756,1,0,7,0.57,8.98842,14.3333,-95.2413,-6.07049,15.6926,1,0,7,38,4.5,0,38,1,0
137,139000000000,CCO,c1_TxPower_delta,0,0.482,8.3228,14.5,-92.785,-5.83773,17.3081,1,0,5,0.542,8.55072,13,-93.7801,-5.42534,17.2778,1,0,5,38,4.5,0,38,1,0
138,140000000000,ES,c0_TxPower_delta,-1,0.506,9.77362,13,-94.7073,-5.43006,17.4207,1,0,5,0.316,5.57089,14.6667,-90.5187,-5.79561,21.3726,1,0,5,37,4.5,0,38,1,0
139,141000000000,ES,c1_TxPower_delta,-1,0.442,6.72881,13.6667,-93.1826,-5.77685,19.2173,1,0,4,0.572,10.0294,13,-94.858,-5.52409,18.0268,1,0,4,37,4.5,0,37,1,0
140,142000000000,MLB,c0_Hysteresis_delta,0.5,0.208,3.87547,12.6667,-88.8924,-4.84441,23.358,1,0,4,0.576,8.27061,13.2857,-96.8886,-5.71152,16.907,1,0,4,37,5,0,37,1,0
141,143000000000,MLB,c1_Hysteresis_delta,0.5,0.658,7.77966,12.2222,-96.6542,-5.8489,17.0219,1,0,6,0.134,2.45804,15,-87.8026,-5.23107,27.1252,1,0,6,37,5,0,37,1.5,0
142,144000000000,MRO,c0_TTT_delta_ms,-20,0.708,8.96367,5.2,-95.5419,-5.48901,18.4498,1,0,6,0.69,8.94122,5.6,-95.2389,-5.37513,19.0783,1,0,6,37,5,0,37,1.5,0
143,145000000000,MRO,c1_TTT_delta_ms,-20,0.638,8.08031,7.8,-97.1152,-6.38315,17.6364,1,0,10,0.35,4.55415,5.8,-89.7803,-5.69745,23.256,1,0,10,37,5,0,37,1.5,0
144,146000000000,CCO,c0_TxPower_delta,0,0.582,9.06348,13.1667,-96.4668,-5.76082,17.0376,1,0,7,0.306,4.81555,13,-90.4042,-5.31967,20.5916,1,0,7,37,5,0,37,1.5,0
145,147000000000,CCO,c1_TxPower_delta,0,0.582,8.62897,13.5714,-96.7787,-5.67385,16.6111,1,0,5,0.226,4.40515,13.6667,-89.7058,-4.85104,23.8733,1,0,5,37,5,0,37,1.5,0
146,148000000000,ES,c0_TxPower_delta,-1,0.596,8.88033,12.5,-96.3103,-6.10994,18.7818,1,0,5,0.56,8.13245,13.1667,-94.0858,-5.26733,18.3032,1,0,5,36,5,0,37,1.5,0
147,149000000000,ES,c1_TxPower_delta,-1,0.534,7.67395,13.5,-94.5907,-5.95924,18.032,1,0,6,0.638,9.35124,13.1667,-95.9076,-5.52772,16.8413,1,0,6,36,5,0,36,1.5,0
148,150000000000,MLB,c0_Hysteresis_delta,0.5,0.482,7.09076,13,-93.7225,-5.08406,16.4964,1,0,2,0.646,9.31299,12.8333,-96.6656,-5.84427,15.8909,1,0,2,36,5.5,0,36,1.5,0
149,151000000000,MLB,c1_Hysteresis_delta,0.5,0.576,9.66399,13.1429,-97.0812,-5.52247,17.1473,1,0,7,0.362,5.71193,12.6667,-92.4434,-5.40982,22.5543,1,0,7,36,5.5,0,36,2,0
150,152000000000,MRO,c0_TTT_delta_ms,-20,0.66,7.37344,12.25,-97.2043,-5.37361,17.4959,1,0,3,0.12,2.23524,13,-88.2914,-4.86048,27.3935,1,0,3,36,5.5,0,36,2,0
151,153000000000,MRO,c1_TTT_delta_ms,-20,0.61,8.55711,13,-96.5851,-6.00228,18.2619,1,0,7,0.596,8.15756,12.8571,-94.6712,-5.31764,17.7625,1,0,7,36,5.5,0,36,2,0
152,154000000000,CCO,c0_TxPower_delta,0,0.68,8.28224,12.1429,-94.5715,-5.30175,16.8418,1,0,6,0.656,8.69775,13,-96.2171,-5.9244,15.3528,1,0,6,36,5.5,0,36,2,0
153,155000000000,CCO,c1_TxPower_delta,0,0.666,8.46019,12.5,-97.5161,-6.07519,15.7657,1,0,7,0.552,7.20547,11.8333,-94.6656,-5.53761,16.4612,1,0,7,36,5.5,0,36,2,0
154,156000000000,ES,c0_TxPower_delta,-1,0.686,8.52136,13,-96.7101,-5.91259,11.73,1,0,5,0.73,9.3732,12.4286,-94.7448,-5.63614,13.3102,1,0,5,35,5.5,0,36,2,0
155,157000000000,ES,c1_TxPower_delta,-1,0.476,6.16995,12.6667,-95.2466,-6.14082,15.6536,1,0,6,0.666,10.2602,12.2857,-96.9755,-5.41171,15.591,1,0,6,35,5.5,0,35,2,0
156,158000000000,MLB,c0_Hysteresis_delta,0,0.714,8.34949,4.8,-97.0878,-5.57829,13.3964,1,0,4,0.706,8.79456,6.2,-97.1373,-5.73502,14.5094,1,0,4,35,5.5,0,35,2,0
157,159000000000,MLB,c1_Hysteresis_delta,-0.5,0.3,4.66742,13,-92.5873,-5.15139,13.9921,1,0,7,0.684,8.60027,12.6667,-99.1443,-6.08295,15.6558,1,0,7,35,5.5,0,35,1.5,0
158,160000000000,MRO,c0_TTT_delta_ms,-20,0.644,8.72539,12.4,-97.6986,-5.51459,14.109,1,0,5,0.504,7.32941,12.8,-94.6055,-5.06791,14.0725,1,0,5,35,5.5,0,35,1.5,0
159,161000000000,MRO,c1_TTT_delta_ms,-20,0.662,8.65915,12.5,-99.0075,-6.05583,14.6669,1,0,3,0.422,5.64099,12.5,-92.885,-5.16651,13.3832,1,0,3,35,5.5,0,35,1.5,0
160,162000000000,CCO,c0_TxPower_delta,0,0.678,8.02144,12.6667,-97.8014,-5.82532,12.0996,1,0,4,0.612,7.0665,12,-96.6254,-6.03693,13.3785,1,0,4,35,5.5,0,35,1.5,0
161,163000000000,CCO,c1_TxPower_delta,2,0.724,8.82993,6,-96.3269,-5.40148,11.584,1,0,1,0.722,8.50589,5.4,-96.0302,-5.35766,12.2787,1,0,1,35,5.5,0,37,1.5,0
162,164000000000,ES,c0_TxPower_delta,0,0.082,1.49554,15,-82.7195,-4.46778,25.9717,1,0,6,0.622,7.32008,12.4444,-96.9474,-5.18026,16.1022,1,0,6,35,5.5,0,37,1.5,0
163,165000000000,ES,c1_TxPower_delta,-1,0.114,2.18568,14,-89.1287,-4.64974,25.4423,1,0,1,0.638,7.40752,13.125,-96.8932,-5.19209,16.8497,1,0,1,35,5.5,0,36,1.5,0
164,166000000000,MLB,c0_Hysteresis_delta,0.5,0.128,2.26077,12.5,-88.9715,-5.1814,25.1036,1,0,2,0.682,7.44185,12.75,-97.9154,-5.41209,17.1259,1,0,2,35,6,0,36,1.5,0
165,167000000000,MLB,c1_Hysteresis_delta,-0.5,0.054,1.04686,15,-84.7963,-5.12515,30.8833,1,0,3,0.684,7.08832,12.1111,-98.1922,-5.77623,16.6364,1,0,3,35,6,0,36,1,0
166,168000000000,MRO,c0_TTT_delta_ms,-20,0.116,1.95096,15,-89.0412,-5.13905,27.3456,1,0,2,0.664,7.37146,12.7778,-98.149,-5.42953,17.0443,1,0,2,35,6,0,36,1,0
167,169000000000,MRO,c1_TTT_delta_ms,-20,0.062,1.21596,13,-85.315,-3.68748,29.1885,1,0,1,0.656,6.85379,13.25,-97.7064,-5.31896,16.3326,1,0,1,35,6,0,36,1,0
168,170000000000,CCO,c0_TxPower_delta,2,0.384,4.74445,5.6,-92.8159,-5.64639,20.8725,1,0,5,0.668,7.83868,5.4,-98.4278,-6.24201,17.6544,1,0,5,37,6,0,36,1,0
169,171000000000,CCO,c1_TxPower_delta,0,0.628,10.1584,13.4286,-95.8128,-5.65633,18.0424,1,0,4,0.51,7.55234,13.3333,-93.8493,-5.97364,20.4106,1,0,4,37,6,0,36,1,0
170,172000000000,ES,c0_TxPower_delta,-1,0.574,9.70412,12.5,-96.4178,-5.50208,17.4696,1,0,5,0.33,5.21931,13.5,-92.7373,-5.71316,21.9408,1,0,5,36,6,0,36,1,0
171,173000000000,ES,c1_TxPower_delta,-1,0.678,8.98453,12.1667,-96.6003,-5.68869,17.8862,1,0,4,0.512,6.86348,12.75,-94.2122,-5.73417,20.5789,1,0,4,36,6,0,35,1,0
172,174000000000,MLB,c0_Hysteresis_delta,-0.5,0.62,9.47804,13.1111,-97.1666,-5.3072,16.8716,1,0,3,0.366,4.81685,15,-93.8451,-5.8875,22.5916,1,0,3,36,5.5,0,35,1,0
173,175000000000,MLB,c1_Hysteresis_delta,0.5,0.642,8.95425,13,-97.084,-5.70061,16.6695,1,0,7,0.39,5.34395,13,-95.0922,-6.30887,21.1832,1,0,7,36,5.5,0,35,1.5,0
174,176000000000,MRO,c0_TTT_delta_ms,-20,0.66,7.01711,12.3333,-97.8273,-5.34962,17.3068,1,0,3,0.102,1.93199,15,-88.4523,-5.21704,26.5322,1,0,3,36,5.5,0,35,1.5,0
175,177000000000,MRO,c1_TTT_delta_ms,-20,0.654,6.89987,12.75,-98.0682,-5.55895,17.0059,1,0,3,0.034,0.707932,14,-76.0831,-3.01156,33.463,1,0,3,36,5.5,0,35,1.5,0
176,178000000000,CCO,c0_TxPower_delta,2,0.736,8.87766,4.6,-96.865,-5.44032,18.3003,1,0,3,0.61,7.06862,5.4,-96.0996,-5.7872,19.9001,1,0,3,38,5.5,0,35,1.5,0
177,179000000000,CCO,c1_TxPower_delta,2,0.612,6.89024,12.6667,-96.989,-5.09218,17.0398,1,0,6,0.014,0.387085,15,-74.9452,-3.01153,34.4514,1,0,6,38,5.5,0,37,1.5,0
178,180000000000,ES,c0_TxPower_delta,-1,0.586,6.80931,12.7778,-96.1394,-5.175,16.8382,1,0,0,0.01,0.335083,15,-74.4541,-3.01177,38.7445,1,0,0,37,5.5,0,37,1.5,0
179,181000000000,ES,c1_TxPower_delta,-1,0.62,9.3092,13.4,-95.6757,-5.7948,18.0823,1,0,4,0.496,7.233,12.8,-94.1038,-5.26384,19.1116,1,0,4,37,5.5,0,36,1.5,0
180,182000000000,MLB,c0_Hysteresis_delta,-0.5,0.592,8.42332,12.375,-96.8174,-5.46572,17.2724,1,0,3,0.212,3.73248,15,-89.9909,-4.63831,24.2739,1,0,3,37,5,0,36,1.5,0
181,183000000000,MLB,c1_Hysteresis_delta,0,0.566,9.49107,13,-96.5733,-5.59892,17.4513,1,0,4,0.42,6.55191,13.5,-93.0297,-5.23689,20.2357,1,0,4,37,5,0,36,1.5,0
182,184000000000,MRO,c0_TTT_delta_ms,-20,0.59,9.82935,12.5714,-96.3527,-5.3871,16.8324,1,0,3,0.432,6.644,13.3333,-93.4704,-5.74943,16.3589,1,0,3,37,5,0,36,1.5,0
183,185000000000,MRO,c1_TTT_delta_ms,-20,0.656,8.5372,13.4444,-96.1749,-5.46965,16.3385,1,0,4,0.314,4.39903,15,-93.6556,-6.55288,16.3908,1,0,4,37,5,0,36,1.5,0
184,186000000000,CCO,c0_TxPower_delta,0,0.648,6.80728,12.8889,-97.3465,-5.46061,16.8315,1,0,0,0.01,0.335083,15,-74.9498,-3.01331,28.9508,1,0,0,37,5,0,36,1.5,0
185,187000000000,CCO,c1_TxPower_delta,2,0.618,7.12907,12.75,-97.4547,-5.49965,16.1026,1,0,1,0.068,1.33023,13,-84.0392,-4.5455,18.6103,1,0,1,37,5,0,38,1.5,0
186,188000000000,ES,c0_TxPower_delta,0,0.33,4.80856,15,-91.589,-5.89408,20.949,1,0,6,0.622,8.63664,13.125,-95.6729,-5.51703,15.5831,1,0,6,37,5,0,38,1.5,0
187,189000000000,ES,c1_TxPower_delta,-1,0.054,1.08151,15,-83.6153,-4.83577,31.745,1,0,3,0.582,7.22639,13.5556,-96.1592,-5.50672,16.7629,1,0,3,37,5,0,37,1.5,0
188,190000000000,MLB,c0_Hysteresis_delta,0.5,0.254,4.33711,13.3333,-89.8077,-5.5575,23.7431,1,0,4,0.618,9.03874,13,-96.7354,-5.82728,17.3173,1,0,4,37,5.5,0,37,1.5,0
189,191000000000,MLB,c1_Hysteresis_delta,0,0.692,9.35489,13.4,-95.0607,-5.93752,16.1057,1,0,8,0.704,9.11627,13.2,-95.4086,-6.16698,18.1467,1,0,8,37,5.5,0,37,1.5,0
190,192000000000,MRO,c0_TTT_delta_ms,-20,0.634,9.73769,12.8333,-96.5563,-5.74019,16.4802,1,0,5,0.512,7.46321,13.5,-93.2548,-5.56225,18.5611,1,0,5,37,5.5,0,37,1.5,0
191,193000000000,MRO,c1_TTT_delta_ms,-20,0.636,9.58748,12.6667,-95.2899,-5.54814,16.3092,1,0,6,0.594,8.09857,12.25,-95.3066,-5.76482,18.9011,1,0,6,37,5.5,0,37,1.5,0
192,194000000000,CCO,c0_TxPower_delta,0,0.656,8.61389,13,-95.9618,-6.25044,16.5375,1,0,4,0.66,9.12672,13.6667,-95.5902,-5.63284,16.5481,1,0,4,37,5.5,0,37,1.5,0
193,195000000000,CCO,c1_TxPower_delta,0,0.456,7.11426,13.3333,-94.1122,-6.12985,17.5181,1,0,3,0.598,9.6808,13.2857,-95.1054,-5.14535,16.2623,1,0,3,37,5.5,0,37,1.5,0
194,196000000000,ES,c0_TxPower_delta,-1,0.542,8.8689,13.1667,-94.8704,-5.90829,16.3619,1,0,3,0.54,8.36952,14,-95.3534,-5.97319,15.4678,1,0,3,36,5.5,0,37,1.5,0
195,197000000000,ES,c1_TxPower_delta,-1,0.608,9.3531,12.25,-97.3619,-6.15577,16.7113,1,0,10,0.458,6.86923,12.8333,-92.841,-5.2435,18.3939,1,0,10,36,5.5,0,36,1.5,0
196,198000000000,MLB,c0_Hysteresis_delta,-0.5,0.57,8.87553,12.1429,-96.7272,-5.44295,17.6868,1,0,3,0.402,5.79161,12.6667,-93.9201,-5.28255,19.8784,1,0,3,36,5,0,36,1.5,0
197,199000000000,MLB,c1_Hysteresis_delta,0.5,0.68,9.03275,12.75,-96.4086,-5.71438,17.1405,1,0,5,0.474,6.08421,14,-95.5437,-6.20726,19.3653,1,0,5,36,5,0,36,2,0
198,200000000000,MRO,c0_TTT_delta_ms,-20,0.696,8.44456,5.75,-97.2431,-6.12285,15.6479,1,0,4,0.59,7.14713,4.16667,-95.5045,-5.62246,17.824,1,0,4,36,5,0,36,2,0
199,201000000000,MRO,c1_TTT_delta_ms,-20,0.69,9.03893,12.6,-95.4155,-5.48531,15.1381,1,0,5,0.7,8.8257,11.8,-95.3787,-5.19766,16.6221,1,0,5,36,5,0,36,2,0
200,202000000000,CCO,c0_TxPower_delta,0,0.608,9.1812,12.1667,-96.4184,-5.85814,17.1122,1,0,5,0.53,8.40446,13.25,-95.002,-5.54413,18.3693,1,0,5,36,5,0,36,2,0
201,203000000000,CCO,c1_TxPower_delta,0,0.676,9.09764,13,-96.2089,-5.49287,17.1257,1,0,3,0.594,7.66454,13,-95.3367,-5.61719,16.8139,1,0,3,36,5,0,36,2,0
202,204000000000,ES,c0_TxPower_delta,-1,0.556,7.56261,13,-95.0003,-5.41524,16.6618,1,0,6,0.66,9.35951,12.8,-96.7249,-5.71279,15.0191,1,0,6,35,5,0,36,2,0
203,205000000000,ES,c1_TxPower_delta,-1,0.492,6.81288,13,-94.6515,-5.92162,11.571,1,0,8,0.66,9.09938,12.7143,-96.8819,-5.37321,12.6533,1,0,8,35,5,0,35,2,0
204,206000000000,MLB,c0_Hysteresis_delta,0.5,0.484,6.64694,4.2,-94.4717,-5.18726,13.4266,1,0,6,0.674,8.82457,6,-98.4096,-5.68949,12.7899,1,0,6,35,5.5,0,35,2,0
205,207000000000,MLB,c1_Hysteresis_delta,0,0.602,8.50191,11.8571,-96.0923,-5.62567,12.5218,1,0,6,0.562,7.09431,13,-98.0988,-6.31028,11.0163,1,0,6,35,5.5,0,35,2,0
206,208000000000,MRO,c0_TTT_delta_ms,-20,0.662,9.48067,5.66667,-97.2895,-5.53472,12.8986,1,0,5,0.486,6.39275,9.75,-95.0187,-5.79438,12.8816,1,0,5,35,5.5,0,35,2,0
207,209000000000,MRO,c1_TTT_delta_ms,-20,0.632,8.30397,5.6,-98.6536,-5.81373,16.9606,1,0,5,0.464,6.33298,5.4,-94.5114,-5.2918,19.0049,1,0,5,35,5.5,0,35,2,0
208,210000000000,CCO,c0_TxPower_delta,0,0.534,6.68568,12.25,-95.7635,-5.5309,20.3476,1,0,1,0.696,8.46619,11.1667,-98.4258,-5.60917,19.065,1,0,1,35,5.5,0,35,2,0
209,211000000000,CCO,c1_TxPower_delta,2,0.714,7.21825,5.2,-97.9987,-5.75034,16.6585,1,0,5,0.62,6.60516,6.4,-95.3801,-5.18647,16.9628,1,0,5,35,5.5,0,37,2,0
210,212000000000,ES,c0_TxPower_delta,0,0.25,4.08054,13.5,-91.2681,-5.73879,17.5431,1,0,5,0.588,9.23659,12.875,-95.8604,-5.0236,15.582,1,0,5,35,5.5,0,37,2,0
211,213000000000,ES,c1_TxPower_delta,-1,0.332,5.07361,14.5,-92.4044,-5.24802,15.4694,1,0,2,0.602,9.25839,12.375,-97.4026,-5.65093,15.141,1,0,2,35,5.5,0,36,2,0
212,214000000000,MLB,c0_Hysteresis_delta,0.5,0.122,2.16037,13,-89.5392,-4.93243,15.3853,1,0,2,0.664,7.22217,12.625,-97.9862,-5.54844,15.9413,1,0,2,35,6,0,36,2,0
213,215000000000,MLB,c1_Hysteresis_delta,-0.5,0.026,0.622009,13,-76.5941,-3.01238,25.2461,1,0,2,0.682,6.84381,12.25,-98.228,-5.4981,15.8543,1,0,2,35,6,0,36,1.5,0
214,216000000000,MRO,c0_TTT_delta_ms,-20,0.224,3.85414,13,-91.946,-5.72041,15.1431,1,0,2,0.65,8.50717,13,-98.1597,-6.01626,16.2497,1,0,2,35,6,0,36,1.5,0
215,217000000000,MRO,c1_TTT_delta_ms,-20,0.038,0.604614,15,-76.5067,-3.01257,36.1079,1,0,3,0.672,7.1669,12.7778,-98.4689,-5.72386,16.3696,1,0,3,35,6,0,36,1.5,0
216,218000000000,CCO,c0_TxPower_delta,2,0.01,0.335083,15,-73.5142,-3.01114,38.6412,1,0,0,0.672,6.7578,12.4444,-98.544,-5.85697,17.151,1,0,0,37,6,0,36,1.5,0
217,219000000000,CCO,c1_TxPower_delta,0,0.352,5.70261,13,-92.3677,-5.32617,18.1605,1,0,5,0.558,9.7173,13,-97.0273,-6.31413,15.9699,1,0,5,37,6,0,36,1.5,0
218,220000000000,ES,c0_TxPower_delta,-1,0.63,7.71111,12.4444,-96.9113,-5.44093,16.7102,1,0,7,0.16,2.63503,15,-89.1133,-5.65188,25.4961,1,0,7,36,6,0,36,1.5,0
219,221000000000,ES,c1_TxPower_delta,0,0.642,8.24756,12.3333,-98.3583,-6.11786,17.2574,1,0,3,0.2,3.34563,13,-86.8701,-4.42309,25.5342,1,0,3,36,6,0,36,1.5,0
220,222000000000,MLB,c0_Hysteresis_delta,0,0.694,8.93916,13.7143,-96.5193,-5.33363,17.6444,1,0,5,0.62,7.67203,13,-95.4786,-5.80287,18.4583,1,0,5,36,6,0,36,1.5,0
221,223000000000,MLB,c1_Hysteresis_delta,0.5,0.644,7.4949,12.5,-97.759,-6.0544,17.0223,1,0,3,0.164,2.88237,12.75,-88.2816,-4.34521,24.5041,1,0,3,36,6,0,36,2,0
222,224000000000,MRO,c0_TTT_delta_ms,-20,0.64,10.0125,12.5,-96.7062,-5.70329,17.6289,1,0,4,0.492,6.43987,12,-95.2842,-5.99716,20.7694,1,0,4,36,6,0,36,2,0
223,225000000000,MRO,c1_TTT_delta_ms,-20,0.68,9.49257,5.8,-96.839,-6.04718,18.2348,1,0,5,0.552,7.51657,5,-94.6999,-5.56224,19.3611,1,0,5,36,6,0,36,2,0
224,226000000000,CCO,c0_TxPower_delta,2,0.652,8.65752,5.2,-97.3334,-6.02752,17.5935,1,0,8,0.598,7.86226,4.8,-95.688,-5.64899,18.887,1,0,8,38,6,0,36,2,0
225,227000000000,CCO,c1_TxPower_delta,0,0.576,8.59984,13.375,-95.6904,-5.05187,17.1836,1,0,7,0.224,4.05757,13.5,-90.9055,-5.25317,22.0198,1,0,7,38,6,0,36,2,0
226,228000000000,ES,c0_TxPower_delta,-1,0.58,6.69539,12.6667,-95.8235,-4.88463,16.6657,1,0,1,0.01,0.335083,15,-73.9487,-3.01155,36.3037,1,0,1,37,6,0,36,2,0
227,229000000000,ES,c1_TxPower_delta,0,0.656,7.20876,13.2222,-96.7275,-5.32953,16.7654,1,0,2,0.106,1.81705,15,-88.212,-5.35353,25.8807,1,0,2,37,6,0,36,2,0
228,230000000000,MLB,c0_Hysteresis_delta,-0.5,0.636,6.80418,12.3333,-96.8799,-5.35124,16.3491,1,0,0,0.01,0.335083,15,-73.6163,-3.01151,35.3824,1,0,0,37,5.5,0,36,2,0
229,231000000000,MLB,c1_Hysteresis_delta,0.5,0.626,7.49968,13,-97.7717,-5.61675,17.2216,1,0,2,0.106,1.91644,13,-84.6342,-4.6373,30.2001,1,0,2,37,5.5,0,36,2.5,0
230,232000000000,MRO,c0_TTT_delta_ms,-20,0.61,7.29536,13.25,-96.6566,-5.30292,16.6174,1,0,3,0.128,2.36871,14.5,-87.3787,-4.8652,25.1188,1,0,3,37,5.5,0,36,2.5,0
231,233000000000,MRO,c1_TTT_delta_ms,-20,0.64,7.66479,12.7143,-97.1888,-6.2076,16.5998,1,0,5,0.172,2.77196,13.3333,-87.7899,-5.15669,18.4596,1,0,5,37,5.5,0,36,2.5,0
232,234000000000,CCO,c0_TxPower_delta,0,0.608,7.54199,12.7778,-97.34,-5.64363,17.1704,1,0,6,0.116,2.10948,15,-87.8095,-5.00123,27.0252,1,0,6,37,5.5,0,36,2.5,0
233,235000000000,CCO,c1_TxPower_delta,2,0.626,7.32802,12.5,-96.6135,-5.12388,14.5939,1,0,1,0.11,2.22035,14,-86.5523,-4.60421,13.3826,1,0,1,37,5.5,0,38,2.5,0
234,236000000000,ES,c0_TxPower_delta,0,0.584,9.10814,11.75,-95.2141,-5.82161,13.6476,1,0,6,0.49,7.72926,13.8333,-93.0489,-4.79876,12.2315,1,0,6,37,5.5,0,38,2.5,0
235,237000000000,ES,c1_TxPower_delta,-1,0.112,2.21121,13.5,-85.6703,-4.15838,24.3037,1,0,2,0.564,7.25143,13.375,-95.7378,-5.27076,17.2108,1,0,2,37,5.5,0,37,2.5,0
236,238000000000,MLB,c0_Hysteresis_delta,0,0.624,8.52463,13,-94.5096,-5.72442,19.2434,1,0,6,0.648,9.38794,13,-95.2631,-6.19432,17.667,1,0,6,37,5.5,0,37,2.5,0
237,239000000000,MLB,c1_Hysteresis_delta,0,0.59,9.1501,13.1667,-95.9269,-5.42091,17.7319,1,0,0,0.464,7.20488,13.25,-93.7413,-5.49469,20.8668,1,0,0,37,5.5,0,37,2.5,0
238,240000000000,MRO,c0_TTT_delta_ms,-20,0.546,8.73851,12.6667,-95.0516,-5.51567,16.2631,1,0,6,0.542,8.32178,12.5,-94.44,-5.75173,17.4848,1,0,6,37,5.5,0,37,2.5,0
239,241000000000,MRO,c1_TTT_delta_ms,-20,0.558,8.24077,13,-94.928,-5.83605,15.5253,1,0,6,0.562,8.57921,13,-94.6539,-5.68684,14.5333,1,0,6,37,5.5,0,37,2.5,0
240,242000000000,CCO,c0_TxPower_delta,0,0.296,4.76448,13,-91.1304,-5.66296,10.4005,1,0,4,0.65,8.73914,12.875,-96.242,-5.80754,15.089,1,0,4,37,5.5,0,37,2.5,0
241,243000000000,CCO,c1_TxPower_delta,2,0.352,6.29909,5.75,-91.3116,-4.88487,14.657,1,0,6,0.56,9.87082,5.16667,-96.5036,-5.84432,15.1017,1,0,6,37,5.5,0,39,2.5,0
242,244000000000,ES,c0_TxPower_delta,0,0.04,0.72966,15,-73.7885,-3.01227,31.9068,1,0,7,0.582,7.21204,13.4444,-95.7291,-5.29151,17.174,1,0,7,37,5.5,0,39,2.5,0
243,245000000000,ES,c1_TxPower_delta,-1,0.01,0.335083,15,-72.0269,-3.01171,35.0309,1,0,0,0.552,6.70792,13.8889,-95.4561,-5.02248,17.1438,1,0,0,37,5.5,0,38,2.5,0
244,246000000000,MLB,c0_Hysteresis_delta,0.5,0.16,2.85429,13.3333,-87.6313,-5.0546,24.4413,1,0,2,0.598,7.87498,13.5714,-95.8334,-5.59001,17.1288,1,0,2,37,6,0,38,2.5,0
245,247000000000,MLB,c1_Hysteresis_delta,0,0.452,6.36226,14,-94.498,-6.0818,21.0464,1,0,5,0.596,9.45653,13.5,-94.6669,-5.07418,18.0922,1,0,5,37,6,0,38,2.5,0
246,248000000000,MRO,c0_TTT_delta_ms,-20,0.222,3.99507,14,-89.5194,-5.11872,22.5919,1,0,3,0.526,8.77898,14.4286,-96.047,-5.66705,17.4309,1,0,3,37,6,0,38,2.5,0
247,249000000000,MRO,c1_TTT_delta_ms,-20,0.054,1.11488,15,-83.1229,-4.4903,30.5714,1,0,2,0.606,6.89944,13.2222,-96.1023,-5.33175,16.9994,1,0,2,37,6,0,38,2.5,0
248,250000000000,CCO,c0_TxPower_delta,2,0.146,2.71619,13.3333,-87.6912,-4.94499,24.0639,1,0,2,0.606,7.55249,13,-96.6116,-5.84987,16.6757,1,0,2,39,6,0,38,2.5,0
249,251000000000,CCO,c1_TxPower_delta,0,0.566,8.82629,13.875,-94.6592,-5.54215,17.3245,1,0,9,0.374,5.80878,13.5,-91.8395,-5.6546,20.5526,1,0,9,39,6,0,38,2.5,0
250,252000000000,ES,c0_TxPower_delta,-1,0.532,9.59521,13.625,-94.9676,-5.50317,17.8617,1,0,6,0.272,5.06741,15,-90.5261,-5.70298,22.2707,1,0,6,38,6,0,38,2.5,0
251,253000000000,ES,c1_TxPower_delta,0,0.578,7.39594,13.5,-95.499,-5.44539,16.5048,1,0,2,0.106,2.05779,14,-86.8639,-4.92119,28.2515,1,0,2,38,6,0,38,2.5,0
252,254000000000,MLB,c0_Hysteresis_delta,-0.5,0.524,9.99742,14.1429,-94.9924,-5.68795,17.5166,1,0,3,0.374,6.75536,13,-91.813,-5.91739,21.3268,1,0,3,38,5.5,0,38,2.5,0
253,255000000000,MLB,c1_Hysteresis_delta,0,0.578,9.42101,13.3333,-94.156,-5.82916,18.7381,1,0,5,0.496,8.13951,12.75,-93.259,-5.71743,19.679,1,0,5,38,5.5,0,38,2.5,0
254,256000000000,MRO,c0_TTT_delta_ms,-20,0.59,9.76456,13,-94.1209,-5.41075,17.8699,1,0,3,0.506,7.89413,13.6667,-93.7872,-5.80208,18.8767,1,0,3,38,5.5,0,38,2.5,0
255,257000000000,MRO,c1_TTT_delta_ms,-20,0.646,9.76323,4.5,-94.1232,-5.71056,18.9654,1,0,5,0.654,8.94029,4.75,-94.8644,-6.32675,19.1939,1,0,5,38,5.5,0,38,2.5,0
256,258000000000,CCO,c0_TxPower_delta,0,0.582,9.81107,13.3333,-94.327,-5.74418,16.2307,1,0,8,0.548,8.19908,14.5,-94.0341,-5.97273,18.6753,1,0,8,38,5.5,0,38,2.5,0
257,259000000000,CCO,c1_TxPower_delta,0,0.572,9.84723,13.125,-95.0979,-5.43762,15.2635,1,0,4,0.392,5.97333,13,-92.3563,-6.1951,20.1341,1,0,4,38,5.5,0,38,2.5,0
258,260000000000,ES,c0_TxPower_delta,-1,0.568,9.71999,12.8333,-94.2896,-5.56127,18.1005,1,0,4,0.474,7.4144,13.75,-93.1311,-5.27855,19.4223,1,0,4,37,5.5,0,38,2.5,0
259,261000000000,ES,c1_TxPower_delta,-1,0.566,9.28629,12.8,-96.3914,-6.23786,19.0734,1,0,5,0.452,7.7381,13.8,-92.2699,-4.66243,21.1604,1,0,5,37,5.5,0,37,2.5,0
260,262000000000,MLB,c0_Hysteresis_delta,0,0.64,9.15158,12.8333,-95.4019,-5.71531,17.866,1,0,5,0.59,8.07315,13.25,-94.4895,-5.42078,17.0422,1,0,5,37,5.5,0,37,2.5,0
261,263000000000,MLB,c1_Hysteresis_delta,0,0.622,8.76065,13.5,-95.6646,-6.08504,18.219,1,0,10,0.632,8.47644,13.5,-95.5098,-6.20403,15.2219,1,0,10,37,5.5,0,37,2.5,0
262,264000000000,MRO,c0_TTT_delta_ms,-20,0.606,9.57623,12.8333,-96.1396,-5.88935,17.2636,1,0,4,0.482,7.27798,13.5,-93.6582,-5.44327,16.5467,1,0,4,37,5.5,0,37,2.5,0
263,265000000000,MRO,c1_TTT_delta_ms,-20,0.622,9.35287,13,-97.1851,-6.05561,17.269,1,0,5,0.528,7.66853,13.4,-94.8568,-6.07724,17.5358,1,0,5,37,5.5,0,37,2.5,0
264,266000000000,CCO,c0_TxPower_delta,0,0.714,8.78271,13.3333,-94.9765,-5.6239,18.7081,1,0,5,0.678,8.76595,13.5,-95.021,-5.45675,18.9628,1,0,5,37,5.5,0,37,2.5,0
265,267000000000,CCO,c1_TxPower_delta,0,0.642,7.70973,13.25,-96.616,-6.63599,18.3842,1,0,4,0.536,6.49376,13.6667,-92.8716,-5.27484,18.4167,1,0,4,37,5.5,0,37,2.5,0
266,268000000000,ES,c0_TxPower_delta,-1,0.708,8.97684,13,-95.2275,-5.49455,19.2748,1,0,5,0.718,9.43192,14,-94.7086,-6.04482,18.4225,1,0,5,36,5.5,0,37,2.5,0
267,269000000000,ES,c1_TxPower_delta,-1,0.376,6.05646,13.6667,-92.0623,-5.51914,21.1356,1,0,2,0.602,10.2964,12.7143,-96.0588,-5.30963,17.7448,1,0,2,36,5.5,0,36,2.5,0
268,270000000000,MLB,c0_Hysteresis_delta,0.5,0.49,6.81436,12.5,-94.7383,-5.69684,19.7586,1,0,5,0.69,8.90672,12.8333,-97.0378,-6.12862,18.5687,1,0,5,36,6,0,36,2.5,0
269,271000000000,MLB,c1_Hysteresis_delta,0,0.668,9.22632,5,-96.2194,-6.06857,17.7414,1,0,10,0.62,8.14993,4.75,-95.635,-5.84742,20.3941,1,0,10,36,6,0,36,2.5,0
270,272000000000,MRO,c0_TTT_delta_ms,-20,0.624,10.0201,12.4286,-97.3112,-5.87508,18.1091,1,0,1,0.408,6.04633,13.6667,-93.3662,-5.50436,22.5455,1,0,1,36,6,0,36,2.5,0
271,273000000000,MRO,c1_TTT_delta_ms,-20,0.618,8.69565,12.75,-97.6887,-5.82938,17.4698,1,0,7,0.442,6.28529,12.5,-93.315,-5.42291,21.093,1,0,7,36,6,0,36,2.5,0
272,274000000000,CCO,c0_TxPower_delta,2,0.682,8.83852,5.6,-96.1157,-5.73951,18.483,1,0,7,0.652,7.76125,5,-95.3813,-5.23916,19.1429,1,0,7,38,6,0,36,2.5,0
273,275000000000,CCO,c1_TxPower_delta,2,0.558,7.74603,13.625,-95.7737,-5.41349,16.8837,1,0,5,0.148,2.74586,13.5,-86.7537,-5.01163,20.3696,1,0,5,38,6,0,38,2.5,0
274,276000000000,ES,c0_TxPower_delta,-1,0.598,7.60571,13.75,-95.6541,-5.70199,17.2267,1,0,2,0.118,2.25311,13,-85.9431,-5.16391,26.5775,1,0,2,37,6,0,38,2.5,0
275,277000000000,ES,c1_TxPower_delta,-1,0.588,9.64032,14,-95.2658,-5.90322,18.4984,1,0,3,0.534,8.89552,13.4,-93.6133,-5.07485,16.0833,1,0,3,37,6,0,37,2.5,0
276,278000000000,MLB,c0_Hysteresis_delta,0.5,0.33,5.16324,13.5,-91.716,-5.80109,17.9052,1,0,5,0.602,10.0763,12.625,-96.6659,-6.06779,16.9819,1,0,5,37,6.5,0,37,2.5,0
277,279000000000,MLB,c1_Hysteresis_delta,-0.5,0.264,4.47176,12,-88.6219,-4.74148,18.7285,1,0,5,0.576,8.55696,12.8,-96.7257,-6.02529,16.1431,1,0,5,37,6.5,0,37,2,0
278,280000000000,MRO,c0_TTT_delta_ms,-20,0.49,7.24382,13.5,-93.6119,-5.41908,20.1099,1,0,1,0.62,9.88066,13.3333,-95.993,-5.76454,16.8005,1,0,1,37,6.5,0,37,2,0
279,281000000000,MRO,c1_TTT_delta_ms,-20,0.45,5.1675,13.5,-92.8137,-5.54963,19.8009,1,0,6,0.63,7.41547,12.75,-96.5472,-6.17836,17.8655,1,0,6,37,6.5,0,37,2,0
280,282000000000,CCO,c0_TxPower_delta,0,0.486,7.73643,12.75,-93.6174,-5.00331,20.6739,1,0,2,0.588,10.0221,12.5,-95.2847,-5.44274,17.4663,1,0,2,37,6.5,0,37,2,0
281,283000000000,CCO,c1_TxPower_delta,0,0.55,8.63606,13.1667,-94.6347,-5.55474,16.8475,1,0,4,0.546,8.18251,13.75,-95.5787,-5.77063,16.8852,1,0,4,37,6.5,0,37,2,0
282,284000000000,ES,c0_TxPower_delta,-1,0.474,7.38005,13.6,-92.8332,-4.94068,16.9264,1,0,5,0.56,9.16335,13.4,-96.1795,-5.94878,17.9632,1,0,5,36,6.5,0,37,2,0
283,285000000000,ES,c1_TxPower_delta,-1,0.546,7.53474,13.3333,-95.0069,-6.32435,17.3958,1,0,8,0.614,9.20831,13,-95.6513,-5.01651,16.2996,1,0,8,36,6.5,0,36,2,0
284,286000000000,MLB,c0_Hysteresis_delta,0.5,0.27,4.45366,12.75,-90.2072,-4.87262,16.6187,1,0,7,0.604,8.87193,13.1667,-97.7178,-5.92074,15.1061,1,0,7,36,7,0,36,2,0
285,287000000000,MLB,c1_Hysteresis_delta,-0.5,0.406,6.05064,14,-94.4218,-6.03653,20.033,1,0,4,0.652,9.43831,12.875,-97.1935,-5.72913,16.6063,1,0,4,36,7,0,36,1.5,0
286,288000000000,MRO,c0_TTT_delta_ms,-20,0.5,7.34637,12.8,-94.213,-5.08127,17.5046,1,0,3,0.62,8.90538,12.6,-97.3122,-5.80331,16.3866,1,0,3,36,7,0,36,1.5,0
287,289000000000,MRO,c1_TTT_delta_ms,-20,0.628,7.72203,12.75,-95.6966,-5.73421,15.4095,1,0,3,0.688,8.72348,12.5,-96.6164,-5.39567,15.7635,1,0,3,36,7,0,36,1.5,0
288,290000000000,CCO,c0_TxPower_delta,0,0.482,6.66852,13.3333,-94.553,-5.58453,17.1372,1,0,5,0.636,9.40939,12.5714,-95.7659,-5.66559,16.1342,1,0,5,36,7,0,36,1.5,0
289,291000000000,CCO,c1_TxPower_delta,2,0.724,8.88658,5.6,-97.9042,-6.02048,18.0305,1,0,8,0.56,6.71532,9.2,-94.6096,-5.94174,19.9111,1,0,8,36,7,0,38,1.5,0
290,292000000000,ES,c0_TxPower_delta,0,0.212,3.76006,15,-90.8228,-5.72663,23.4205,1,0,6,0.55,8.57843,13.1111,-95.7864,-5.006,16.6248,1,0,6,36,7,0,38,1.5,0
291,293000000000,ES,c1_TxPower_delta,-1,0.01,0.335083,15,-75.7111,-3.01443,39.6905,1,0,0,0.594,6.72968,13.3333,-96.1642,-5.06913,16.7486,1,0,0,36,7,0,37,1.5,0
292,294000000000,MLB,c0_Hysteresis_delta,0.5,0.026,0.578308,13.5,-75.7798,-3.01223,35.0556,1,0,1,0.652,6.88013,13.25,-98.039,-5.7538,16.7712,1,0,1,36,7.5,0,37,1.5,0
293,295000000000,MLB,c1_Hysteresis_delta,-0.5,0.114,2.1358,13.5,-87.2476,-4.57018,25.0718,1,0,0,0.63,7.23454,13.25,-97.1539,-5.71895,17.1959,1,0,0,36,7.5,0,37,1,0
294,296000000000,MRO,c0_TTT_delta_ms,-20,0.334,5.67218,13,-91.1648,-4.82847,22.4491,1,0,1,0.564,9.75082,12.8571,-95.5518,-4.95103,18.1948,1,0,1,36,7.5,0,37,1,0
295,297000000000,MRO,c1_TTT_delta_ms,-20,0.01,0.335083,15,-74.8888,-3.01175,38.7216,1,0,2,0.642,6.85248,13,-97.4504,-5.62696,16.8366,1,0,2,36,7.5,0,37,1,0
296,298000000000,CCO,c0_TxPower_delta,2,0.014,0.378754,15,-74.9289,-3.01171,39.0479,1,0,2,0.618,6.72435,13.1111,-97.3982,-5.48641,16.4671,1,0,2,38,7.5,0,37,1,0
297,299000000000,CCO,c1_TxPower_delta,2,0.61,7.48698,13.6667,-95.9399,-5.56361,16.5032,1,0,8,0.108,1.83519,15,-83.4397,-4.74888,27.2348,1,0,8,38,7.5,0,39,1,0
