step,time_ns,xapp,adjusted_param,adjusted_value,c0_rbUtil,c0_dlThroughput,c0_AvgCqi,c0_SINR,c0_trafficLoad,c0_RSRP,c0_RSRQ,c0_ulSinr,c0_hoSuccessRate,c0_hoFailureRate,c0_hoAttempts,c1_rbUtil,c1_dlThroughput,c1_AvgCqi,c1_SINR,c1_trafficLoad,c1_RSRP,c1_RSRQ,c1_ulSinr,c1_hoSuccessRate,c1_hoFailureRate,c1_hoAttempts,c0_Param_TxPower,c0_Param_RET,c0_Param_CIO,c1_Param_TxPower,c1_Param_RET,c1_Param_CIO
0,4000000000,CCO,c0_TxPower_delta,2,0.203049,2.03049,3.85714,6.48,0.5,-82.5284,-5.59144,4.21494,1,0,0,0.203049,2.03049,3.85714,5.88,0.5,-82.5284,-5.59144,4.21494,1,0,0,44,8,3,44,8,3
1,6000000000,CCO,c1_TxPower_delta,2,0.294235,2.94235,4.71429,10.6158,0.764189,-80.5284,-4.83184,4.21494,1,0,0,0.0907944,0.907944,3,6.14419,0.235811,-82.5284,-6.54667,4.21494,1,0,0,46,8,3,44,8,3
2,8000000000,ES,c0_TxPower_delta,0,0.203049,2.03049,3.85714,10.88,0.5,-80.5284,-5.59133,4.21494,1,0,0,0.203049,2.03049,3.85714,10.28,0.5,-80.5284,-5.59133,4.21494,1,0,0,46,8,3,46,8,3
3,10000000000,MLB,c1_CIO_delta,0,0.203049,2.03049,3.85714,10.88,0.5,-80.5284,-5.59133,4.21494,1,0,0,0.203049,2.03049,3.85714,10.28,0.5,-80.5284,-5.59133,4.21494,1,0,0,46,8,3,46,8,3
4,12000000000,ES,c1_TxPower_delta,0,0.203049,2.03049,3.85714,10.88,0.5,-80.5284,-5.59133,4.21494,1,0,0,0.203049,2.03049,3.85714,10.28,0.5,-80.5284,-5.59133,4.21494,1,0,0,46,8,3,46,8,3
5,14000000000,MLB,c0_CIO_delta,0,0.203049,2.03049,3.85714,10.88,0.5,-80.5284,-5.59133,4.21494,1,0,0,0.203049,2.03049,3.85714,10.28,0.5,-80.5284,-5.59133,4.21494,1,0,0,46,8,3,46,8,3
6,16000000000,CCO,c1_RET_delta,-1,0.203049,2.03049,3.85714,10.88,0.5,-80.5284,-5.59133,4.21494,1,0,0,0.203049,2.03049,3.85714,10.28,0.5,-80.5284,-5.59133,4.21494,1,0,0,46,8,3,46,8,3
7,18000000000,CCO,c0_RET_delta,-1,0.203049,2.03049,3.85714,10.88,0.5,-80.5284,-5.59017,4.18217,1,0,0,0.203049,2.03049,3.85714,11.48,0.5,-80.5692,-5.59252,4.21272,1,0,0,46,8,3,46,7,3
8,20000000000,ES,c1_TxPower_delta,0,0.203049,2.03049,3.85714,12.08,0.5,-80.5692,-5.59137,4.17993,1,0,0,0.203049,2.03049,3.85714,11.48,0.5,-80.5692,-5.59137,4.17993,1,0,0,46,7,3,46,7,3
9,22000000000,MLB,c0_CIO_delta,0,0.203049,2.03049,3.85714,12.08,0.5,-80.5692,-5.59137,4.17993,1,0,0,0.203049,2.03049,3.85714,11.48,0.5,-80.5692,-5.59137,4.17993,1,0,0,46,7,3,46,7,3
10,24000000000,ES,c0_TxPower_delta,0,0.203049,2.03049,3.85714,12.08,0.5,-80.5692,-5.59137,4.17993,1,0,0,0.203049,2.03049,3.85714,11.48,0.5,-80.5692,-5.59137,4.17993,1,0,0,46,7,3,46,7,3
11,26000000000,MLB,c1_CIO_delta,0,0.203049,2.03049,3.85714,12.08,0.5,-80.5692,-5.59137,4.17993,1,0,0,0.203049,2.03049,3.85714,11.48,0.5,-80.5692,-5.59137,4.17993,1,0,0,46,7,3,46,7,3
12,28000000000,CCO,c0_RET_delta,-1,0.203049,2.03049,3.85714,12.08,0.5,-80.5692,-5.59137,4.17993,1,0,0,0.203049,2.03049,3.85714,11.48,0.5,-80.5692,-5.59137,4.17993,1,0,0,46,7,3,46,7,3
13,30000000000,CCO,c1_RET_delta,-1,0.203049,2.03049,3.85714,13.12,0.5,-80.6157,-5.595,4.17835,1,0,0,0.203049,2.03049,3.85714,11.48,0.5,-80.5692,-5.58778,4.14614,1,0,0,46,6,3,46,7,3
14,32000000000,ES,c0_TxPower_delta,0,0.203049,2.03049,3.85714,13.12,0.5,-80.6157,-5.59141,4.14455,1,0,0,0.203049,2.03049,3.85714,12.52,0.5,-80.6157,-5.59141,4.14455,1,0,0,46,6,3,46,6,3
15,34000000000,MLB,c1_CIO_delta,0,0.203049,2.03049,3.85714,13.12,0.5,-80.6157,-5.59141,4.14455,1,0,0,0.203049,2.03049,3.85714,12.52,0.5,-80.6157,-5.59141,4.14455,1,0,0,46,6,3,46,6,3
16,36000000000,ES,c1_TxPower_delta,0,0.203049,2.03049,3.85714,13.12,0.5,-80.6157,-5.59141,4.14455,1,0,0,0.203049,2.03049,3.85714,12.52,0.5,-80.6157,-5.59141,4.14455,1,0,0,46,6,3,46,6,3
17,38000000000,MLB,c0_CIO_delta,0,0.203049,2.03049,3.85714,13.12,0.5,-80.6157,-5.59141,4.14455,1,0,0,0.203049,2.03049,3.85714,12.52,0.5,-80.6157,-5.59141,4.14455,1,0,0,46,6,3,46,6,3
18,40000000000,CCO,c1_RET_delta,-1,0.203049,2.03049,3.85714,13.12,0.5,-80.6157,-5.59141,4.14455,1,0,0,0.203049,2.03049,3.85714,12.52,0.5,-80.6157,-5.59141,4.14455,1,0,0,46,6,3,46,6,3
19,42000000000,CCO,c0_RET_delta,-1,0.203049,2.03049,3.85714,13.12,0.5,-80.6157,-5.58539,4.10974,1,0,0,0.203049,2.03049,3.85714,13.4,0.5,-80.6679,-5.59748,4.14362,1,0,0,46,6,3,46,5,3
20,44000000000,ES,c1_TxPower_delta,0,0.203049,2.03049,3.85714,14,0.5,-80.6679,-5.59145,4.10881,1,0,0,0.203049,2.03049,3.85714,13.4,0.5,-80.6679,-5.59145,4.10881,1,0,0,46,5,3,46,5,3
21,46000000000,MLB,c0_CIO_delta,0,0.203049,2.03049,3.85714,14,0.5,-80.6679,-5.59145,4.10881,1,0,0,0.203049,2.03049,3.85714,13.4,0.5,-80.6679,-5.59145,4.10881,1,0,0,46,5,3,46,5,3
22,48000000000,ES,c0_TxPower_delta,0,0.203049,2.03049,3.85714,14,0.5,-80.6679,-5.59145,4.10881,1,0,0,0.203049,2.03049,3.85714,13.4,0.5,-80.6679,-5.59145,4.10881,1,0,0,46,5,3,46,5,3
23,50000000000,MLB,c1_CIO_delta,0,0.203049,2.03049,3.85714,14,0.5,-80.6679,-5.59145,4.10881,1,0,0,0.203049,2.03049,3.85714,13.4,0.5,-80.6679,-5.59145,4.10881,1,0,0,46,5,3,46,5,3
24,52000000000,CCO,c0_RET_delta,-1,0.203049,2.03049,3.85714,14,0.5,-80.6679,-5.59145,4.10881,1,0,0,0.203049,2.03049,3.85714,13.4,0.5,-80.6679,-5.59145,4.10881,1,0,0,46,5,3,46,5,3
25,54000000000,CCO,c1_RET_delta,-1,0.203049,2.03049,3.85714,14.72,0.5,-80.7257,-5.59997,4.10856,1,0,0,0.203049,2.03049,3.85714,13.4,0.5,-80.6679,-5.583,4.073,1,0,0,46,4,3,46,5,3
26,56000000000,ES,c0_TxPower_delta,0,0.203049,2.03049,3.85714,14.72,0.5,-80.7257,-5.5915,4.07274,1,0,0,0.203049,2.03049,3.85714,14.12,0.5,-80.7257,-5.5915,4.07274,1,0,0,46,4,3,46,4,3
27,58000000000,MLB,c1_CIO_delta,0,0.203049,2.03049,3.85714,14.72,0.5,-80.7257,-5.5915,4.07274,1,0,0,0.203049,2.03049,3.85714,14.12,0.5,-80.7257,-5.5915,4.07274,1,0,0,46,4,3,46,4,3
28,60000000000,ES,c1_TxPower_delta,0,0.203049,2.03049,3.85714,14.72,0.5,-80.7257,-5.5915,4.07274,1,0,0,0.203049,2.03049,3.85714,14.12,0.5,-80.7257,-5.5915,4.07274,1,0,0,46,4,3,46,4,3
29,62000000000,MLB,c0_CIO_delta,0,0.203049,2.03049,3.85714,14.72,0.5,-80.7257,-5.5915,4.07274,1,0,0,0.203049,2.03049,3.85714,14.12,0.5,-80.7257,-5.5915,4.07274,1,0,0,46,4,3,46,4,3
30,64000000000,CCO,c1_RET_delta,-1,0.203049,2.03049,3.85714,14.72,0.5,-80.7257,-5.5915,4.07274,1,0,0,0.203049,2.03049,3.85714,14.12,0.5,-80.7257,-5.5915,4.07274,1,0,0,46,4,3,46,4,3
31,66000000000,CCO,c0_RET_delta,-1,0.203049,2.03049,3.85714,14.72,0.5,-80.7257,-5.58062,4.03592,1,0,0,0.203049,2.03049,3.85714,14.68,0.5,-80.7893,-5.60246,4.07317,1,0,0,46,4,3,46,3,3
32,68000000000,ES,c1_TxPower_delta,0,0.203049,2.03049,3.85714,15.28,0.5,-80.7893,-5.59155,4.03635,1,0,0,0.203049,2.03049,3.85714,14.68,0.5,-80.7893,-5.59155,4.03635,1,0,0,46,3,3,46,3,3
33,70000000000,MLB,c0_CIO_delta,0,0.203049,2.03049,3.85714,15.28,0.5,-80.7893,-5.59155,4.03635,1,0,0,0.203049,2.03049,3.85714,14.68,0.5,-80.7893,-5.59155,4.03635,1,0,0,46,3,3,46,3,3
34,72000000000,ES,c0_TxPower_delta,-1,0.203049,2.03049,3.85714,15.28,0.5,-80.7893,-5.59155,4.03635,1,0,0,0.203049,2.03049,3.85714,14.68,0.5,-80.7893,-5.59155,4.03635,1,0,0,46,3,3,46,3,3
35,74000000000,MLB,c1_CIO_delta,-1,0.202998,2.02998,3.85714,13.1715,0.408456,-81.7893,-6.04497,4.03635,1,0,0,0.293991,2.93991,4.71429,14.5885,0.591544,-80.7893,-5.18746,4.03635,1,0,0,45,3,3,46,3,3
36,76000000000,CCO,c0_TxPower_delta,2,0.202868,2.02868,3.85714,13.1718,0.40823,-81.7893,-6.04497,4.03635,1,0,0,0.294077,2.94077,4.71429,14.5882,0.59177,-80.7893,-5.18746,4.03635,1,0,0,45,3,3,46,3,2
37,78000000000,CCO,c1_RET_delta,-1,0.203049,2.03049,3.85714,15.28,0.5,-80.7893,-5.59155,4.03635,1,0,0,0.203049,2.03049,3.85714,14.68,0.5,-80.7893,-5.59155,4.03635,1,0,0,46,3,3,46,3,2
38,80000000000,ES,c0_TxPower_delta,-1,0.203049,2.03049,3.85714,15.28,0.5,-80.7893,-5.57825,3.99853,1,0,0,0.203049,2.03049,3.85714,15.08,0.5,-80.8585,-5.60496,4.03747,1,0,0,46,3,3,46,2,2
39,82000000000,MLB,c1_CIO_delta,-1,0.202955,2.02955,3.85714,13.1715,0.408515,-81.7893,-6.03014,3.99853,1,0,0,0.293856,2.93856,4.71429,14.9885,0.591485,-80.8585,-5.19933,4.03747,1,0,0,45,3,3,46,2,2
40,84000000000,ES,c1_TxPower_delta,0,0.202962,2.02962,3.85714,13.1717,0.408343,-81.7893,-6.03014,3.99853,1,0,0,0.294076,2.94076,4.71429,14.9883,0.591657,-80.8585,-5.19933,4.03747,1,0,0,45,3,3,46,2,1
41,86000000000,MLB,c0_CIO_delta,0,0.203032,2.03032,3.85714,13.1716,0.408396,-81.7893,-6.03014,3.99853,1,0,0,0.294113,2.94113,4.71429,14.9884,0.591604,-80.8585,-5.19933,4.03747,1,0,0,45,3,3,46,2,1
42,88000000000,CCO,c1_RET_delta,-1,0.202998,2.02998,3.85714,13.1716,0.408366,-81.7893,-6.03014,3.99853,1,0,0,0.2941,2.941,4.71429,14.9884,0.591634,-80.8585,-5.19933,4.03747,1,0,0,45,3,3,46,2,1
43,90000000000,CCO,c0_TxPower_delta,2,0.203032,2.03032,3.85714,13.1714,0.408555,-81.7893,-6.01265,3.95969,1,0,0,0.293919,2.93919,4.71429,15.2286,0.591445,-80.9334,-5.21342,4.03927,1,0,0,45,3,3,46,1,1
44,92000000000,ES,c1_TxPower_delta,-1,0.203049,2.03049,3.85714,15.28,0.5,-80.7893,-5.56257,3.95969,1,0,0,0.203049,2.03049,3.85714,15.32,0.5,-80.9334,-5.62087,4.03927,1,0,0,46,3,3,46,1,1
45,94000000000,MLB,c0_CIO_delta,-1,0.294186,2.94186,4.71429,15.1883,0.591744,-80.7893,-5.16181,3.95969,1,0,0,0.202965,2.02965,3.85714,13.2117,0.408256,-81.9334,-6.07765,4.03927,1,0,0,46,3,3,45,1,1
46,96000000000,ES,c0_TxPower_delta,-1,0.294162,2.94162,4.71429,15.1883,0.591704,-80.7893,-5.16181,3.95969,1,0,0,0.202982,2.02982,3.85714,13.2117,0.408296,-81.9334,-6.07765,4.03927,1,0,0,46,3,2,45,1,1
47,98000000000,MLB,c1_CIO_delta,1,0.203049,2.03049,3.85714,13.08,0.5,-81.7893,-5.56263,3.95969,1,0,0,0.203049,2.03049,3.85714,13.12,0.5,-81.9334,-5.62093,4.03927,1,0,0,45,3,2,45,1,1
48,100000000000,CCO,c0_TxPower_delta,2,0.203049,2.03049,3.85714,13.08,0.5,-81.7893,-5.56263,3.95969,1,0,0,0.203049,2.03049,3.85714,13.12,0.5,-81.9334,-5.62093,4.03927,1,0,0,45,3,2,45,1,2
49,102000000000,CCO,c1_TxPower_delta,2,0.294186,2.94186,4.71429,15.1883,0.591704,-80.7893,-5.16181,3.95969,1,0,0,0.202998,2.02998,3.85714,13.2117,0.408296,-81.9334,-6.07765,4.03927,1,0,0,46,3,2,45,1,2
50,104000000000,ES,c0_TxPower_delta,-1,0.203049,2.03049,3.85714,15.28,0.5,-80.7893,-5.56257,3.95969,1,0,0,0.203049,2.03049,3.85714,15.32,0.5,-80.9334,-5.62087,4.03927,1,0,0,46,3,2,46,1,2
51,106000000000,MLB,c1_CIO_delta,-1,0.202998,2.02998,3.85714,13.1715,0.408518,-81.7893,-6.01265,3.95969,1,0,0,0.293916,2.93916,4.71429,15.2285,0.591482,-80.9334,-5.21342,4.03927,1,0,0,45,3,2,46,1,2
52,108000000000,ES,c1_TxPower_delta,-1,0.202998,2.02998,3.85714,13.1715,0.408457,-81.7893,-6.01265,3.95969,1,0,0,0.29399,2.9399,4.71429,15.2285,0.591543,-80.9334,-5.21342,4.03927,1,0,0,45,3,2,46,1,1
53,110000000000,MLB,c0_CIO_delta,1,0.203049,2.03049,3.85714,13.08,0.5,-81.7893,-5.56263,3.95969,1,0,0,0.203049,2.03049,3.85714,13.12,0.5,-81.9334,-5.62093,4.03927,1,0,0,45,3,2,45,1,1
54,112000000000,CCO,c1_TxPower_delta,2,0.203049,2.03049,3.85714,13.08,0.5,-81.7893,-5.56263,3.95969,1,0,0,0.203049,2.03049,3.85714,13.12,0.5,-81.9334,-5.62093,4.03927,1,0,0,45,3,3,45,1,1
55,114000000000,CCO,c0_TxPower_delta,2,0.203032,2.03032,3.85714,13.1714,0.408567,-81.7893,-6.01265,3.95969,1,0,0,0.293905,2.93905,4.71429,15.2286,0.591433,-80.9334,-5.21342,4.03927,1,0,0,45,3,3,46,1,1
56,116000000000,ES,c1_TxPower_delta,-1,0.203049,2.03049,3.85714,15.28,0.5,-80.7893,-5.56257,3.95969,1,0,0,0.203049,2.03049,3.85714,15.32,0.5,-80.9334,-5.62087,4.03927,1,0,0,46,3,3,46,1,1
57,118000000000,MLB,c0_CIO_delta,-1,0.294113,2.94113,4.71429,15.1883,0.591704,-80.7893,-5.16181,3.95969,1,0,0,0.202948,2.02948,3.85714,13.2117,0.408296,-81.9334,-6.07765,4.03927,1,0,0,46,3,3,45,1,1
58,120000000000,ES,c0_TxPower_delta,-1,0.294089,2.94089,4.71429,15.1882,0.591764,-80.7893,-5.16181,3.95969,1,0,0,0.202881,2.02881,3.85714,13.2118,0.408236,-81.9334,-6.07765,4.03927,1,0,0,46,3,2,45,1,1
59,122000000000,MLB,c1_CIO_delta,1,0.203049,2.03049,3.85714,13.08,0.5,-81.7893,-5.56263,3.95969,1,0,0,0.203049,2.03049,3.85714,13.12,0.5,-81.9334,-5.62093,4.03927,1,0,0,45,3,2,45,1,1
60,124000000000,CCO,c0_TxPower_delta,2,0.203049,2.03049,3.85714,13.08,0.5,-81.7893,-5.56263,3.95969,1,0,0,0.203049,2.03049,3.85714,13.12,0.5,-81.9334,-5.62093,4.03927,1,0,0,45,3,2,45,1,2
61,126000000000,CCO,c1_TxPower_delta,2,0.294089,2.94089,4.71429,15.1883,0.591716,-80.7893,-5.16181,3.95969,1,0,0,0.202921,2.02921,3.85714,13.2117,0.408284,-81.9334,-6.07765,4.03927,1,0,0,46,3,2,45,1,2
62,128000000000,ES,c0_TxPower_delta,-1,0.203049,2.03049,3.85714,15.28,0.5,-80.7893,-5.56257,3.95969,1,0,0,0.203049,2.03049,3.85714,15.32,0.5,-80.9334,-5.62087,4.03927,1,0,0,46,3,2,46,1,2
63,130000000000,MLB,c1_CIO_delta,-1,0.203049,2.03049,3.85714,13.1715,0.408487,-81.7893,-6.01265,3.95969,1,0,0,0.294027,2.94027,4.71429,15.2285,0.591513,-80.9334,-5.21342,4.03927,1,0,0,45,3,2,46,1,2
64,132000000000,ES,c1_TxPower_delta,-1,0.203005,2.03005,3.85714,13.1715,0.408464,-81.7893,-6.01265,3.95969,1,0,0,0.293991,2.93991,4.71429,15.2285,0.591536,-80.9334,-5.21342,4.03927,1,0,0,45,3,2,46,1,1
65,134000000000,MLB,c0_CIO_delta,1,0.203049,2.03049,3.85714,13.08,0.5,-81.7893,-5.56263,3.95969,1,0,0,0.203049,2.03049,3.85714,13.12,0.5,-81.9334,-5.62093,4.03927,1,0,0,45,3,2,45,1,1
66,136000000000,CCO,c1_TxPower_delta,2,0.203049,2.03049,3.85714,13.08,0.5,-81.7893,-5.56263,3.95969,1,0,0,0.203049,2.03049,3.85714,13.12,0.5,-81.9334,-5.62093,4.03927,1,0,0,45,3,3,45,1,1
67,138000000000,CCO,c0_TxPower_delta,2,0.202998,2.02998,3.85714,13.1715,0.408488,-81.7893,-6.01265,3.95969,1,0,0,0.293952,2.93952,4.71429,15.2285,0.591512,-80.9334,-5.21342,4.03927,1,0,0,45,3,3,46,1,1
68,140000000000,ES,c1_TxPower_delta,-1,0.203049,2.03049,3.85714,15.28,0.5,-80.7893,-5.56257,3.95969,1,0,0,0.203049,2.03049,3.85714,15.32,0.5,-80.9334,-5.62087,4.03927,1,0,0,46,3,3,46,1,1
69,142000000000,MLB,c0_CIO_delta,-1,0.294211,2.94211,4.71429,15.1882,0.59184,-80.7893,-5.16181,3.95969,1,0,0,0.202901,2.02901,3.85714,13.2118,0.40816,-81.9334,-6.07765,4.03927,1,0,0,46,3,3,45,1,1
70,144000000000,ES,c0_TxPower_delta,-1,0.294211,2.94211,4.71429,15.1882,0.591844,-80.7893,-5.16181,3.95969,1,0,0,0.202898,2.02898,3.85714,13.2118,0.408156,-81.9334,-6.07765,4.03927,1,0,0,46,3,2,45,1,1
71,146000000000,MLB,c1_CIO_delta,1,0.203049,2.03049,3.85714,13.08,0.5,-81.7893,-5.56263,3.95969,1,0,0,0.203049,2.03049,3.85714,13.12,0.5,-81.9334,-5.62093,4.03927,1,0,0,45,3,2,45,1,1
72,148000000000,CCO,c0_TxPower_delta,2,0.203049,2.03049,3.85714,13.08,0.5,-81.7893,-5.56263,3.95969,1,0,0,0.203049,2.03049,3.85714,13.12,0.5,-81.9334,-5.62093,4.03927,1,0,0,45,3,2,45,1,2
73,150000000000,CCO,c1_TxPower_delta,2,0.29399,2.9399,4.71429,15.1883,0.591663,-80.7893,-5.16181,3.95969,1,0,0,0.202898,2.02898,3.85714,13.2117,0.408337,-81.9334,-6.07765,4.03927,1,0,0,46,3,2,45,1,2
74,152000000000,ES,c0_TxPower_delta,-1,0.203049,2.03049,3.85714,15.28,0.5,-80.7893,-5.56257,3.95969,1,0,0,0.203049,2.03049,3.85714,15.32,0.5,-80.9334,-5.62087,4.03927,1,0,0,46,3,2,46,1,2
75,154000000000,MLB,c1_CIO_delta,-1,0.203001,2.03001,3.85714,13.1715,0.408482,-81.7893,-6.01265,3.95969,1,0,0,0.293964,2.93964,4.71429,15.2285,0.591518,-80.9334,-5.21342,4.03927,1,0,0,45,3,2,46,1,2
76,156000000000,ES,c1_TxPower_delta,-1,0.203015,2.03015,3.85714,13.1716,0.408447,-81.7893,-6.01265,3.95969,1,0,0,0.294027,2.94027,4.71429,15.2284,0.591553,-80.9334,-5.21342,4.03927,1,0,0,45,3,2,46,1,1
77,158000000000,MLB,c0_CIO_delta,1,0.203049,2.03049,3.85714,13.08,0.5,-81.7893,-5.56263,3.95969,1,0,0,0.203049,2.03049,3.85714,13.12,0.5,-81.9334,-5.62093,4.03927,1,0,0,45,3,2,45,1,1
78,160000000000,CCO,c1_TxPower_delta,2,0.203049,2.03049,3.85714,13.08,0.5,-81.7893,-5.56263,3.95969,1,0,0,0.203049,2.03049,3.85714,13.12,0.5,-81.9334,-5.62093,4.03927,1,0,0,45,3,3,45,1,1
79,162000000000,CCO,c0_TxPower_delta,2,0.203032,2.03032,3.85714,13.1715,0.408476,-81.7893,-6.01265,3.95969,1,0,0,0.294016,2.94016,4.71429,15.2285,0.591524,-80.9334,-5.21342,4.03927,1,0,0,45,3,3,46,1,1
80,164000000000,ES,c1_TxPower_delta,-1,0.203049,2.03049,3.85714,15.28,0.5,-80.7893,-5.56257,3.95969,1,0,0,0.203049,2.03049,3.85714,15.32,0.5,-80.9334,-5.62087,4.03927,1,0,0,46,3,3,46,1,1
81,166000000000,MLB,c0_CIO_delta,-1,0.294112,2.94112,4.71429,15.1883,0.591703,-80.7893,-5.16181,3.95969,1,0,0,0.202948,2.02948,3.85714,13.2117,0.408297,-81.9334,-6.07765,4.03927,1,0,0,46,3,3,45,1,1
82,168000000000,ES,c0_TxPower_delta,-1,0.294149,2.94149,4.71429,15.1883,0.591654,-80.7893,-5.16181,3.95969,1,0,0,0.203015,2.03015,3.85714,13.2117,0.408346,-81.9334,-6.07765,4.03927,1,0,0,46,3,2,45,1,1
83,170000000000,MLB,c1_CIO_delta,1,0.203049,2.03049,3.85714,13.08,0.5,-81.7893,-5.56263,3.95969,1,0,0,0.203049,2.03049,3.85714,13.12,0.5,-81.9334,-5.62093,4.03927,1,0,0,45,3,2,45,1,1
84,172000000000,CCO,c0_TxPower_delta,2,0.203049,2.03049,3.85714,13.08,0.5,-81.7893,-5.56263,3.95969,1,0,0,0.203049,2.03049,3.85714,13.12,0.5,-81.9334,-5.62093,4.03927,1,0,0,45,3,2,45,1,2
85,174000000000,CCO,c1_TxPower_delta,2,0.294138,2.94138,4.71429,15.1883,0.591716,-80.7893,-5.16181,3.95969,1,0,0,0.202955,2.02955,3.85714,13.2117,0.408284,-81.9334,-6.07765,4.03927,1,0,0,46,3,2,45,1,2
86,176000000000,ES,c0_TxPower_delta,-1,0.203049,2.03049,3.85714,15.28,0.5,-80.7893,-5.56257,3.95969,1,0,0,0.203049,2.03049,3.85714,15.32,0.5,-80.9334,-5.62087,4.03927,1,0,0,46,3,2,46,1,2
87,178000000000,MLB,c1_CIO_delta,-1,0.203032,2.03032,3.85714,13.1714,0.40863,-81.7893,-6.01265,3.95969,1,0,0,0.293829,2.93829,4.71429,15.2286,0.59137,-80.9334,-5.21342,4.03927,1,0,0,45,3,2,46,1,2
88,180000000000,ES,c1_TxPower_delta,-1,0.203005,2.03005,3.85714,13.1715,0.408506,-81.7893,-6.01265,3.95969,1,0,0,0.293941,2.93941,4.71429,15.2285,0.591494,-80.9334,-5.21342,4.03927,1,0,0,45,3,2,46,1,1
89,182000000000,MLB,c0_CIO_delta,1,0.203049,2.03049,3.85714,13.08,0.5,-81.7893,-5.56263,3.95969,1,0,0,0.203049,2.03049,3.85714,13.12,0.5,-81.9334,-5.62093,4.03927,1,0,0,45,3,2,45,1,1
90,184000000000,CCO,c1_TxPower_delta,2,0.203049,2.03049,3.85714,13.08,0.5,-81.7893,-5.56263,3.95969,1,0,0,0.203049,2.03049,3.85714,13.12,0.5,-81.9334,-5.62093,4.03927,1,0,0,45,3,3,45,1,1
91,186000000000,CCO,c0_TxPower_delta,2,0.203015,2.03015,3.85714,13.1715,0.408496,-81.7893,-6.01265,3.95969,1,0,0,0.293967,2.93967,4.71429,15.2285,0.591504,-80.9334,-5.21342,4.03927,1,0,0,45,3,3,46,1,1
92,188000000000,ES,c1_TxPower_delta,-1,0.203049,2.03049,3.85714,15.28,0.5,-80.7893,-5.56257,3.95969,1,0,0,0.203049,2.03049,3.85714,15.32,0.5,-80.9334,-5.62087,4.03927,1,0,0,46,3,3,46,1,1
93,190000000000,MLB,c0_CIO_delta,-1,0.294138,2.94138,4.71429,15.1883,0.591716,-80.7893,-5.16181,3.95969,1,0,0,0.202955,2.02955,3.85714,13.2117,0.408284,-81.9334,-6.07765,4.03927,1,0,0,46,3,3,45,1,1
94,192000000000,ES,c0_TxPower_delta,-1,0.294149,2.94149,4.71429,15.1882,0.591774,-80.7893,-5.16181,3.95969,1,0,0,0.202914,2.02914,3.85714,13.2118,0.408226,-81.9334,-6.07765,4.03927,1,0,0,46,3,2,45,1,1
95,194000000000,MLB,c1_CIO_delta,1,0.203049,2.03049,3.85714,13.08,0.5,-81.7893,-5.56263,3.95969,1,0,0,0.203049,2.03049,3.85714,13.12,0.5,-81.9334,-5.62093,4.03927,1,0,0,45,3,2,45,1,1
96,196000000000,CCO,c0_TxPower_delta,2,0.203049,2.03049,3.85714,13.08,0.5,-81.7893,-5.56263,3.95969,1,0,0,0.203049,2.03049,3.85714,13.12,0.5,-81.9334,-5.62093,4.03927,1,0,0,45,3,2,45,1,2
97,198000000000,CCO,c1_TxPower_delta,2,0.294138,2.94138,4.71429,15.1882,0.591764,-80.7893,-5.16181,3.95969,1,0,0,0.202914,2.02914,3.85714,13.2118,0.408236,-81.9334,-6.07765,4.03927,1,0,0,46,3,2,45,1,2
98,200000000000,ES,c0_TxPower_delta,-1,0.203049,2.03049,3.85714,15.28,0.5,-80.7893,-5.56257,3.95969,1,0,0,0.203049,2.03049,3.85714,15.32,0.5,-80.9334,-5.62087,4.03927,1,0,0,46,3,2,46,1,2
99,202000000000,MLB,c1_CIO_delta,-1,0.203015,2.03015,3.85714,13.1715,0.408508,-81.7893,-6.01265,3.95969,1,0,0,0.293952,2.93952,4.71429,15.2285,0.591492,-80.9334,-5.21342,4.03927,1,0,0,45,3,2,46,1,2
100,204000000000,ES,c1_TxPower_delta,-1,0.202988,2.02988,3.85714,13.1717,0.408324,-81.7893,-6.01265,3.95969,1,0,0,0.294138,2.94138,4.71429,15.2283,0.591676,-80.9334,-5.21342,4.03927,1,0,0,45,3,2,46,1,1
101,206000000000,MLB,c0_CIO_delta,1,0.203049,2.03049,3.85714,13.08,0.5,-81.7893,-5.56263,3.95969,1,0,0,0.203049,2.03049,3.85714,13.12,0.5,-81.9334,-5.62093,4.03927,1,0,0,45,3,2,45,1,1
102,208000000000,CCO,c1_TxPower_delta,2,0.203049,2.03049,3.85714,13.08,0.5,-81.7893,-5.56263,3.95969,1,0,0,0.203049,2.03049,3.85714,13.12,0.5,-81.9334,-5.62093,4.03927,1,0,0,45,3,3,45,1,1
103,210000000000,CCO,c0_TxPower_delta,2,0.203032,2.03032,3.85714,13.1715,0.408465,-81.7893,-6.01265,3.95969,1,0,0,0.294028,2.94028,4.71429,15.2285,0.591535,-80.9334,-5.21342,4.03927,1,0,0,45,3,3,46,1,1
104,212000000000,ES,c1_TxPower_delta,-1,0.203049,2.03049,3.85714,15.28,0.5,-80.7893,-5.56257,3.95969,1,0,0,0.203049,2.03049,3.85714,15.32,0.5,-80.9334,-5.62087,4.03927,1,0,0,46,3,3,46,1,1
105,214000000000,MLB,c0_CIO_delta,-1,0.294063,2.94063,4.71429,15.1883,0.591686,-80.7893,-5.16181,3.95969,1,0,0,0.202928,2.02928,3.85714,13.2117,0.408314,-81.9334,-6.07765,4.03927,1,0,0,46,3,3,45,1,1
106,216000000000,ES,c0_TxPower_delta,-1,0.294077,2.94077,4.71429,15.1883,0.591687,-80.7893,-5.16181,3.95969,1,0,0,0.202938,2.02938,3.85714,13.2117,0.408313,-81.9334,-6.07765,4.03927,1,0,0,46,3,2,45,1,1
107,218000000000,MLB,c1_CIO_delta,1,0.203049,2.03049,3.85714,13.08,0.5,-81.7893,-5.56263,3.95969,1,0,0,0.203049,2.03049,3.85714,13.12,0.5,-81.9334,-5.62093,4.03927,1,0,0,45,3,2,45,1,1
108,220000000000,CCO,c0_TxPower_delta,2,0.203049,2.03049,3.85714,13.08,0.5,-81.7893,-5.56263,3.95969,1,0,0,0.203049,2.03049,3.85714,13.12,0.5,-81.9334,-5.62093,4.03927,1,0,0,45,3,2,45,1,2
109,222000000000,CCO,c1_TxPower_delta,2,0.294113,2.94113,4.71429,15.1881,0.591856,-80.7893,-5.16181,3.95969,1,0,0,0.202821,2.02821,3.85714,13.2119,0.408144,-81.9334,-6.07765,4.03927,1,0,0,46,3,2,45,1,2
110,224000000000,ES,c0_TxPower_delta,-1,0.203049,2.03049,3.85714,15.28,0.5,-80.7893,-5.56257,3.95969,1,0,0,0.203049,2.03049,3.85714,15.32,0.5,-80.9334,-5.62087,4.03927,1,0,0,46,3,2,46,1,2
111,226000000000,MLB,c1_CIO_delta,-1,0.202945,2.02945,3.85714,13.1716,0.408363,-81.7893,-6.01265,3.95969,1,0,0,0.294027,2.94027,4.71429,15.2284,0.591637,-80.9334,-5.21342,4.03927,1,0,0,45,3,2,46,1,2
112,228000000000,ES,c1_TxPower_delta,-1,0.202962,2.02962,3.85714,13.1716,0.408412,-81.7893,-6.01265,3.95969,1,0,0,0.293991,2.93991,4.71429,15.2284,0.591588,-80.9334,-5.21342,4.03927,1,0,0,45,3,2,46,1,1
113,230000000000,MLB,c0_CIO_delta,1,0.203049,2.03049,3.85714,13.08,0.5,-81.7893,-5.56263,3.95969,1,0,0,0.203049,2.03049,3.85714,13.12,0.5,-81.9334,-5.62093,4.03927,1,0,0,45,3,2,45,1,1
114,232000000000,CCO,c1_TxPower_delta,2,0.203049,2.03049,3.85714,13.08,0.5,-81.7893,-5.56263,3.95969,1,0,0,0.203049,2.03049,3.85714,13.12,0.5,-81.9334,-5.62093,4.03927,1,0,0,45,3,3,45,1,1
115,234000000000,CCO,c0_TxPower_delta,2,0.203005,2.03005,3.85714,13.1715,0.408536,-81.7893,-6.01265,3.95969,1,0,0,0.293903,2.93903,4.71429,15.2285,0.591464,-80.9334,-5.21342,4.03927,1,0,0,45,3,3,46,1,1
116,236000000000,ES,c1_TxPower_delta,-1,0.203049,2.03049,3.85714,15.28,0.5,-80.7893,-5.56257,3.95969,1,0,0,0.203049,2.03049,3.85714,15.32,0.5,-80.9334,-5.62087,4.03927,1,0,0,46,3,3,46,1,1
117,238000000000,MLB,c0_CIO_delta,-1,0.294063,2.94063,4.71429,15.1883,0.591715,-80.7893,-5.16181,3.95969,1,0,0,0.202905,2.02905,3.85714,13.2117,0.408285,-81.9334,-6.07765,4.03927,1,0,0,46,3,3,45,1,1
118,240000000000,ES,c0_TxPower_delta,-1,0.294164,2.94164,4.71429,15.1882,0.591837,-80.7893,-5.16181,3.95969,1,0,0,0.202871,2.02871,3.85714,13.2118,0.408163,-81.9334,-6.07765,4.03927,1,0,0,46,3,2,45,1,1
119,242000000000,MLB,c1_CIO_delta,1,0.203049,2.03049,3.85714,13.08,0.5,-81.7893,-5.56263,3.95969,1,0,0,0.203049,2.03049,3.85714,13.12,0.5,-81.9334,-5.62093,4.03927,1,0,0,45,3,2,45,1,1
120,244000000000,CCO,c0_TxPower_delta,2,0.203049,2.03049,3.85714,13.08,0.5,-81.7893,-5.56263,3.95969,1,0,0,0.203049,2.03049,3.85714,13.12,0.5,-81.9334,-5.62093,4.03927,1,0,0,45,3,2,45,1,2
121,246000000000,CCO,c1_TxPower_delta,2,0.294138,2.94138,4.71429,15.1883,0.591684,-80.7893,-5.16181,3.95969,1,0,0,0.202982,2.02982,3.85714,13.2117,0.408316,-81.9334,-6.07765,4.03927,1,0,0,46,3,2,45,1,2
122,248000000000,ES,c0_TxPower_delta,-1,0.203049,2.03049,3.85714,15.28,0.5,-80.7893,-5.56257,3.95969,1,0,0,0.203049,2.03049,3.85714,15.32,0.5,-80.9334,-5.62087,4.03927,1,0,0,46,3,2,46,1,2
123,250000000000,MLB,c1_CIO_delta,-1,0.202965,2.02965,3.85714,13.1716,0.408356,-81.7893,-6.01265,3.95969,1,0,0,0.294064,2.94064,4.71429,15.2284,0.591644,-80.9334,-5.21342,4.03927,1,0,0,45,3,2,46,1,2
124,252000000000,ES,c1_TxPower_delta,-1,0.202998,2.02998,3.85714,13.1715,0.408527,-81.7893,-6.01265,3.95969,1,0,0,0.293905,2.93905,4.71429,15.2285,0.591473,-80.9334,-5.21342,4.03927,1,0,0,45,3,2,46,1,1
125,254000000000,MLB,c0_CIO_delta,1,0.203049,2.03049,3.85714,13.08,0.5,-81.7893,-5.56263,3.95969,1,0,0,0.203049,2.03049,3.85714,13.12,0.5,-81.9334,-5.62093,4.03927,1,0,0,45,3,2,45,1,1
126,256000000000,CCO,c1_TxPower_delta,2,0.203049,2.03049,3.85714,13.08,0.5,-81.7893,-5.56263,3.95969,1,0,0,0.203049,2.03049,3.85714,13.12,0.5,-81.9334,-5.62093,4.03927,1,0,0,45,3,3,45,1,1
127,258000000000,CCO,c0_TxPower_delta,2,0.203015,2.03015,3.85714,13.1714,0.408639,-81.7893,-6.01265,3.95969,1,0,0,0.293793,2.93793,4.71429,15.2286,0.591361,-80.9334,-5.21342,4.03927,1,0,0,45,3,3,46,1,1
128,260000000000,ES,c1_TxPower_delta,-1,0.203049,2.03049,3.85714,15.28,0.5,-80.7893,-5.56257,3.95969,1,0,0,0.203049,2.03049,3.85714,15.32,0.5,-80.9334,-5.62087,4.03927,1,0,0,46,3,3,46,1,1
129,262000000000,MLB,c0_CIO_delta,-1,0.2941,2.941,4.71429,15.1882,0.591773,-80.7893,-5.16181,3.95969,1,0,0,0.202881,2.02881,3.85714,13.2118,0.408227,-81.9334,-6.07765,4.03927,1,0,0,46,3,3,45,1,1
130,264000000000,ES,c0_TxPower_delta,-1,0.294138,2.94138,4.71429,15.1883,0.591676,-80.7893,-5.16181,3.95969,1,0,0,0.202988,2.02988,3.85714,13.2117,0.408324,-81.9334,-6.07765,4.03927,1,0,0,46,3,2,45,1,1
131,266000000000,MLB,c1_CIO_delta,1,0.203049,2.03049,3.85714,13.08,0.5,-81.7893,-5.56263,3.95969,1,0,0,0.203049,2.03049,3.85714,13.12,0.5,-81.9334,-5.62093,4.03927,1,0,0,45,3,2,45,1,1
132,268000000000,CCO,c0_TxPower_delta,2,0.203049,2.03049,3.85714,13.08,0.5,-81.7893,-5.56263,3.95969,1,0,0,0.203049,2.03049,3.85714,13.12,0.5,-81.9334,-5.62093,4.03927,1,0,0,45,3,2,45,1,2
133,270000000000,CCO,c1_TxPower_delta,2,0.294089,2.94089,4.71429,15.1883,0.591676,-80.7893,-5.16181,3.95969,1,0,0,0.202955,2.02955,3.85714,13.2117,0.408324,-81.9334,-6.07765,4.03927,1,0,0,46,3,2,45,1,2
134,272000000000,ES,c0_TxPower_delta,-1,0.203049,2.03049,3.85714,15.28,0.5,-80.7893,-5.56257,3.95969,1,0,0,0.203049,2.03049,3.85714,15.32,0.5,-80.9334,-5.62087,4.03927,1,0,0,46,3,2,46,1,2
135,274000000000,MLB,c1_CIO_delta,-1,0.202988,2.02988,3.85714,13.1714,0.408566,-81.7893,-6.01265,3.95969,1,0,0,0.293843,2.93843,4.71429,15.2286,0.591434,-80.9334,-5.21342,4.03927,1,0,0,45,3,2,46,1,2
136,276000000000,ES,c1_TxPower_delta,-1,0.202955,2.02955,3.85714,13.1716,0.408364,-81.7893,-6.01265,3.95969,1,0,0,0.29404,2.9404,4.71429,15.2284,0.591636,-80.9334,-5.21342,4.03927,1,0,0,45,3,2,46,1,1
137,278000000000,MLB,c0_CIO_delta,1,0.203049,2.03049,3.85714,13.08,0.5,-81.7893,-5.56263,3.95969,1,0,0,0.203049,2.03049,3.85714,13.12,0.5,-81.9334,-5.62093,4.03927,1,0,0,45,3,2,45,1,1
138,280000000000,CCO,c1_TxPower_delta,2,0.203049,2.03049,3.85714,13.08,0.5,-81.7893,-5.56263,3.95969,1,0,0,0.203049,2.03049,3.85714,13.12,0.5,-81.9334,-5.62093,4.03927,1,0,0,45,3,3,45,1,1
139,282000000000,CCO,c0_TxPower_delta,2,0.202962,2.02962,3.85714,13.1716,0.408363,-81.7893,-6.01265,3.95969,1,0,0,0.294051,2.94051,4.71429,15.2284,0.591637,-80.9334,-5.21342,4.03927,1,0,0,45,3,3,46,1,1
140,284000000000,ES,c1_TxPower_delta,-1,0.203049,2.03049,3.85714,15.28,0.5,-80.7893,-5.56257,3.95969,1,0,0,0.203049,2.03049,3.85714,15.32,0.5,-80.9334,-5.62087,4.03927,1,0,0,46,3,3,46,1,1
141,286000000000,MLB,c0_CIO_delta,-1,0.294211,2.94211,4.71429,15.1882,0.591756,-80.7893,-5.16181,3.95969,1,0,0,0.202972,2.02972,3.85714,13.2118,0.408244,-81.9334,-6.07765,4.03927,1,0,0,46,3,3,45,1,1
142,288000000000,ES,c0_TxPower_delta,-1,0.294198,2.94198,4.71429,15.1881,0.591865,-80.7893,-5.16181,3.95969,1,0,0,0.202871,2.02871,3.85714,13.2119,0.408135,-81.9334,-6.07765,4.03927,1,0,0,46,3,2,45,1,1
143,290000000000,MLB,c1_CIO_delta,1,0.203049,2.03049,3.85714,13.08,0.5,-81.7893,-5.56263,3.95969,1,0,0,0.203049,2.03049,3.85714,13.12,0.5,-81.9334,-5.62093,4.03927,1,0,0,45,3,2,45,1,1
144,292000000000,CCO,c0_TxPower_delta,2,0.203049,2.03049,3.85714,13.08,0.5,-81.7893,-5.56263,3.95969,1,0,0,0.203049,2.03049,3.85714,13.12,0.5,-81.9334,-5.62093,4.03927,1,0,0,45,3,2,45,1,2
145,294000000000,CCO,c1_TxPower_delta,2,0.294064,2.94064,4.71429,15.1883,0.591676,-80.7893,-5.16181,3.95969,1,0,0,0.202938,2.02938,3.85714,13.2117,0.408324,-81.9334,-6.07765,4.03927,1,0,0,46,3,2,45,1,2
146,296000000000,ES,c0_TxPower_delta,-1,0.203049,2.03049,3.85714,15.28,0.5,-80.7893,-5.56257,3.95969,1,0,0,0.203049,2.03049,3.85714,15.32,0.5,-80.9334,-5.62087,4.03927,1,0,0,46,3,2,46,1,2
147,298000000000,MLB,c1_CIO_delta,-1,0.203049,2.03049,3.85714,13.1713,0.408718,-81.7893,-6.01265,3.95969,1,0,0,0.293745,2.93745,4.71429,15.2287,0.591282,-80.9334,-5.21342,4.03927,1,0,0,45,3,2,46,1,2
148,300000000000,ES,c1_TxPower_delta,-1,0.203015,2.03015,3.85714,13.1715,0.408506,-81.7893,-6.01265,3.95969,1,0,0,0.293955,2.93955,4.71429,15.2285,0.591494,-80.9334,-5.21342,4.03927,1,0,0,45,3,2,46,1,1
149,302000000000,MLB,c0_CIO_delta,1,0.203049,2.03049,3.85714,13.08,0.5,-81.7893,-5.56263,3.95969,1,0,0,0.203049,2.03049,3.85714,13.12,0.5,-81.9334,-5.62093,4.03927,1,0,0,45,3,2,45,1,1
150,304000000000,CCO,c1_TxPower_delta,2,0.203049,2.03049,3.85714,13.08,0.5,-81.7893,-5.56263,3.95969,1,0,0,0.203049,2.03049,3.85714,13.12,0.5,-81.9334,-5.62093,4.03927,1,0,0,45,3,3,45,1,1
151,306000000000,CCO,c0_TxPower_delta,2,0.203005,2.03005,3.85714,13.1715,0.408516,-81.7893,-6.01265,3.95969,1,0,0,0.293928,2.93928,4.71429,15.2285,0.591484,-80.9334,-5.21342,4.03927,1,0,0,45,3,3,46,1,1
152,308000000000,ES,c1_TxPower_delta,-1,0.203049,2.03049,3.85714,15.28,0.5,-80.7893,-5.56257,3.95969,1,0,0,0.203049,2.03049,3.85714,15.32,0.5,-80.9334,-5.62087,4.03927,1,0,0,46,3,3,46,1,1
153,310000000000,MLB,c0_CIO_delta,-1,0.294076,2.94076,4.71429,15.1882,0.591797,-80.7893,-5.16181,3.95969,1,0,0,0.202844,2.02844,3.85714,13.2118,0.408203,-81.9334,-6.07765,4.03927,1,0,0,46,3,3,45,1,1
154,312000000000,ES,c0_TxPower_delta,-1,0.294162,2.94162,4.71429,15.1883,0.591744,-80.7893,-5.16181,3.95969,1,0,0,0.202948,2.02948,3.85714,13.2117,0.408256,-81.9334,-6.07765,4.03927,1,0,0,46,3,2,45,1,1
155,314000000000,MLB,c1_CIO_delta,1,0.203049,2.03049,3.85714,13.08,0.5,-81.7893,-5.56263,3.95969,1,0,0,0.203049,2.03049,3.85714,13.12,0.5,-81.9334,-5.62093,4.03927,1,0,0,45,3,2,45,1,1
156,316000000000,CCO,c0_TxPower_delta,2,0.203049,2.03049,3.85714,13.08,0.5,-81.7893,-5.56263,3.95969,1,0,0,0.203049,2.03049,3.85714,13.12,0.5,-81.9334,-5.62093,4.03927,1,0,0,45,3,2,45,1,2
157,318000000000,CCO,c1_TxPower_delta,2,0.294186,2.94186,4.71429,15.1882,0.591848,-80.7893,-5.16181,3.95969,1,0,0,0.202878,2.02878,3.85714,13.2118,0.408152,-81.9334,-6.07765,4.03927,1,0,0,46,3,2,45,1,2
158,320000000000,ES,c0_TxPower_delta,-1,0.203049,2.03049,3.85714,15.28,0.5,-80.7893,-5.56257,3.95969,1,0,0,0.203049,2.03049,3.85714,15.32,0.5,-80.9334,-5.62087,4.03927,1,0,0,46,3,2,46,1,2
159,322000000000,MLB,c1_CIO_delta,-1,0.203032,2.03032,3.85714,13.1714,0.408598,-81.7893,-6.01265,3.95969,1,0,0,0.293867,2.93867,4.71429,15.2286,0.591402,-80.9334,-5.21342,4.03927,1,0,0,45,3,2,46,1,2
160,324000000000,ES,c1_TxPower_delta,-1,0.203032,2.03032,3.85714,13.1715,0.408507,-81.7893,-6.01265,3.95969,1,0,0,0.293978,2.93978,4.71429,15.2285,0.591493,-80.9334,-5.21342,4.03927,1,0,0,45,3,2,46,1,1
161,326000000000,MLB,c0_CIO_delta,1,0.203049,2.03049,3.85714,13.08,0.5,-81.7893,-5.56263,3.95969,1,0,0,0.203049,2.03049,3.85714,13.12,0.5,-81.9334,-5.62093,4.03927,1,0,0,45,3,2,45,1,1
162,328000000000,CCO,c1_TxPower_delta,2,0.203049,2.03049,3.85714,13.08,0.5,-81.7893,-5.56263,3.95969,1,0,0,0.203049,2.03049,3.85714,13.12,0.5,-81.9334,-5.62093,4.03927,1,0,0,45,3,3,45,1,1
163,330000000000,CCO,c0_TxPower_delta,2,0.203015,2.03015,3.85714,13.1715,0.408456,-81.7893,-6.01265,3.95969,1,0,0,0.294016,2.94016,4.71429,15.2285,0.591544,-80.9334,-5.21342,4.03927,1,0,0,45,3,3,46,1,1
164,332000000000,ES,c1_TxPower_delta,-1,0.203049,2.03049,3.85714,15.28,0.5,-80.7893,-5.56257,3.95969,1,0,0,0.203049,2.03049,3.85714,15.32,0.5,-80.9334,-5.62087,4.03927,1,0,0,46,3,3,46,1,1
165,334000000000,MLB,c0_CIO_delta,-1,0.294186,2.94186,4.71429,15.1883,0.591721,-80.7893,-5.16181,3.95969,1,0,0,0.202985,2.02985,3.85714,13.2117,0.408279,-81.9334,-6.07765,4.03927,1,0,0,46,3,3,45,1,1
166,336000000000,ES,c0_TxPower_delta,-1,0.294025,2.94025,4.71429,15.1883,0.591656,-80.7893,-5.16181,3.95969,1,0,0,0.202928,2.02928,3.85714,13.2117,0.408344,-81.9334,-6.07765,4.03927,1,0,0,46,3,2,45,1,1
167,338000000000,MLB,c1_CIO_delta,1,0.203049,2.03049,3.85714,13.08,0.5,-81.7893,-5.56263,3.95969,1,0,0,0.203049,2.03049,3.85714,13.12,0.5,-81.9334,-5.62093,4.03927,1,0,0,45,3,2,45,1,1
168,340000000000,CCO,c0_TxPower_delta,2,0.203049,2.03049,3.85714,13.08,0.5,-81.7893,-5.56263,3.95969,1,0,0,0.203049,2.03049,3.85714,13.12,0.5,-81.9334,-5.62093,4.03927,1,0,0,45,3,2,45,1,2
169,342000000000,CCO,c1_TxPower_delta,2,0.293965,2.93965,4.71429,15.1885,0.591534,-80.7893,-5.16181,3.95969,1,0,0,0.202988,2.02988,3.85714,13.2115,0.408466,-81.9334,-6.07765,4.03927,1,0,0,46,3,2,45,1,2
170,344000000000,ES,c0_TxPower_delta,-1,0.203049,2.03049,3.85714,15.28,0.5,-80.7893,-5.56257,3.95969,1,0,0,0.203049,2.03049,3.85714,15.32,0.5,-80.9334,-5.62087,4.03927,1,0,0,46,3,2,46,1,2
171,346000000000,MLB,c1_CIO_delta,-1,0.203049,2.03049,3.85714,13.1714,0.408599,-81.7893,-6.01265,3.95969,1,0,0,0.29389,2.9389,4.71429,15.2286,0.591401,-80.9334,-5.21342,4.03927,1,0,0,45,3,2,46,1,2
172,348000000000,ES,c1_TxPower_delta,-1,0.202972,2.02972,3.85714,13.1715,0.408526,-81.7893,-6.01265,3.95969,1,0,0,0.293867,2.93867,4.71429,15.2285,0.591474,-80.9334,-5.21342,4.03927,1,0,0,45,3,2,46,1,1
173,350000000000,MLB,c0_CIO_delta,1,0.203049,2.03049,3.85714,13.08,0.5,-81.7893,-5.56263,3.95969,1,0,0,0.203049,2.03049,3.85714,13.12,0.5,-81.9334,-5.62093,4.03927,1,0,0,45,3,2,45,1,1
174,352000000000,CCO,c1_TxPower_delta,2,0.203049,2.03049,3.85714,13.08,0.5,-81.7893,-5.56263,3.95969,1,0,0,0.203049,2.03049,3.85714,13.12,0.5,-81.9334,-5.62093,4.03927,1,0,0,45,3,3,45,1,1
175,354000000000,CCO,c0_TxPower_delta,2,0.203005,2.03005,3.85714,13.1716,0.408444,-81.7893,-6.01265,3.95969,1,0,0,0.294016,2.94016,4.71429,15.2284,0.591556,-80.9334,-5.21342,4.03927,1,0,0,45,3,3,46,1,1
176,356000000000,ES,c1_TxPower_delta,-1,0.203049,2.03049,3.85714,15.28,0.5,-80.7893,-5.56257,3.95969,1,0,0,0.203049,2.03049,3.85714,15.32,0.5,-80.9334,-5.62087,4.03927,1,0,0,46,3,3,46,1,1
177,358000000000,MLB,c0_CIO_delta,-1,0.294235,2.94235,4.71429,15.1883,0.591721,-80.7893,-5.16181,3.95969,1,0,0,0.203018,2.03018,3.85714,13.2117,0.408279,-81.9334,-6.07765,4.03927,1,0,0,46,3,3,45,1,1
178,360000000000,ES,c0_TxPower_delta,-1,0.294186,2.94186,4.71429,15.1883,0.591724,-80.7893,-5.16181,3.95969,1,0,0,0.202982,2.02982,3.85714,13.2117,0.408276,-81.9334,-6.07765,4.03927,1,0,0,46,3,2,45,1,1
179,362000000000,MLB,c1_CIO_delta,1,0.203049,2.03049,3.85714,13.08,0.5,-81.7893,-5.56263,3.95969,1,0,0,0.203049,2.03049,3.85714,13.12,0.5,-81.9334,-5.62093,4.03927,1,0,0,45,3,2,45,1,1
180,364000000000,CCO,c0_TxPower_delta,2,0.203049,2.03049,3.85714,13.08,0.5,-81.7893,-5.56263,3.95969,1,0,0,0.203049,2.03049,3.85714,13.12,0.5,-81.9334,-5.62093,4.03927,1,0,0,45,3,2,45,1,2
181,366000000000,CCO,c1_TxPower_delta,2,0.294211,2.94211,4.71429,15.1882,0.591796,-80.7893,-5.16181,3.95969,1,0,0,0.202938,2.02938,3.85714,13.2118,0.408204,-81.9334,-6.07765,4.03927,1,0,0,46,3,2,45,1,2
182,368000000000,ES,c0_TxPower_delta,-1,0.203049,2.03049,3.85714,15.28,0.5,-80.7893,-5.56257,3.95969,1,0,0,0.203049,2.03049,3.85714,15.32,0.5,-80.9334,-5.62087,4.03927,1,0,0,46,3,2,46,1,2
183,370000000000,MLB,c1_CIO_delta,-1,0.203005,2.03005,3.85714,13.1715,0.408465,-81.7893,-6.01265,3.95969,1,0,0,0.29399,2.9399,4.71429,15.2285,0.591535,-80.9334,-5.21342,4.03927,1,0,0,45,3,2,46,1,2
184,372000000000,ES,c1_TxPower_delta,-1,0.202982,2.02982,3.85714,13.1716,0.408435,-81.7893,-6.01265,3.95969,1,0,0,0.293993,2.93993,4.71429,15.2284,0.591565,-80.9334,-5.21342,4.03927,1,0,0,45,3,2,46,1,1
185,374000000000,MLB,c0_CIO_delta,1,0.203049,2.03049,3.85714,13.08,0.5,-81.7893,-5.56263,3.95969,1,0,0,0.203049,2.03049,3.85714,13.12,0.5,-81.9334,-5.62093,4.03927,1,0,0,45,3,2,45,1,1
186,376000000000,CCO,c1_TxPower_delta,2,0.203049,2.03049,3.85714,13.08,0.5,-81.7893,-5.56263,3.95969,1,0,0,0.203049,2.03049,3.85714,13.12,0.5,-81.9334,-5.62093,4.03927,1,0,0,45,3,3,45,1,1
187,378000000000,CCO,c0_TxPower_delta,2,0.203005,2.03005,3.85714,13.1715,0.408495,-81.7893,-6.01265,3.95969,1,0,0,0.293954,2.93954,4.71429,15.2285,0.591505,-80.9334,-5.21342,4.03927,1,0,0,45,3,3,46,1,1
188,380000000000,ES,c1_TxPower_delta,-1,0.203049,2.03049,3.85714,15.28,0.5,-80.7893,-5.56257,3.95969,1,0,0,0.203049,2.03049,3.85714,15.32,0.5,-80.9334,-5.62087,4.03927,1,0,0,46,3,3,46,1,1
189,382000000000,MLB,c0_CIO_delta,-1,0.2941,2.941,4.71429,15.1883,0.59173,-80.7893,-5.16181,3.95969,1,0,0,0.202917,2.02917,3.85714,13.2117,0.40827,-81.9334,-6.07765,4.03927,1,0,0,46,3,3,45,1,1
190,384000000000,ES,c0_TxPower_delta,-1,0.294186,2.94186,4.71429,15.1881,0.591888,-80.7893,-5.16181,3.95969,1,0,0,0.202844,2.02844,3.85714,13.2119,0.408112,-81.9334,-6.07765,4.03927,1,0,0,46,3,2,45,1,1
191,386000000000,MLB,c1_CIO_delta,1,0.203049,2.03049,3.85714,13.08,0.5,-81.7893,-5.56263,3.95969,1,0,0,0.203049,2.03049,3.85714,13.12,0.5,-81.9334,-5.62093,4.03927,1,0,0,45,3,2,45,1,1
192,388000000000,CCO,c0_TxPower_delta,2,0.203049,2.03049,3.85714,13.08,0.5,-81.7893,-5.56263,3.95969,1,0,0,0.203049,2.03049,3.85714,13.12,0.5,-81.9334,-5.62093,4.03927,1,0,0,45,3,2,45,1,2
193,390000000000,CCO,c1_TxPower_delta,2,0.294125,2.94125,4.71429,15.1883,0.591745,-80.7893,-5.16181,3.95969,1,0,0,0.202921,2.02921,3.85714,13.2117,0.408255,-81.9334,-6.07765,4.03927,1,0,0,46,3,2,45,1,2
194,392000000000,ES,c0_TxPower_delta,-1,0.203049,2.03049,3.85714,15.28,0.5,-80.7893,-5.56257,3.95969,1,0,0,0.203049,2.03049,3.85714,15.32,0.5,-80.9334,-5.62087,4.03927,1,0,0,46,3,2,46,1,2
195,394000000000,MLB,c1_CIO_delta,-1,0.202972,2.02972,3.85714,13.1715,0.408475,-81.7893,-6.01265,3.95969,1,0,0,0.293929,2.93929,4.71429,15.2285,0.591525,-80.9334,-5.21342,4.03927,1,0,0,45,3,2,46,1,2
196,396000000000,ES,c1_TxPower_delta,-1,0.203015,2.03015,3.85714,13.1714,0.408568,-81.7893,-6.01265,3.95969,1,0,0,0.293879,2.93879,4.71429,15.2286,0.591432,-80.9334,-5.21342,4.03927,1,0,0,45,3,2,46,1,1
197,398000000000,MLB,c0_CIO_delta,1,0.203049,2.03049,3.85714,13.08,0.5,-81.7893,-5.56263,3.95969,1,0,0,0.203049,2.03049,3.85714,13.12,0.5,-81.9334,-5.62093,4.03927,1,0,0,45,3,2,45,1,1
198,400000000000,CCO,c1_TxPower_delta,2,0.203049,2.03049,3.85714,13.08,0.5,-81.7893,-5.56263,3.95969,1,0,0,0.203049,2.03049,3.85714,13.12,0.5,-81.9334,-5.62093,4.03927,1,0,0,45,3,3,45,1,1
199,402000000000,CCO,c0_TxPower_delta,2,0.203032,2.03032,3.85714,13.1715,0.408507,-81.7893,-6.01265,3.95969,1,0,0,0.293978,2.93978,4.71429,15.2285,0.591493,-80.9334,-5.21342,4.03927,1,0,0,45,3,3,46,1,1
200,404000000000,ES,c1_TxPower_delta,-1,0.203049,2.03049,3.85714,15.28,0.5,-80.7893,-5.56257,3.95969,1,0,0,0.203049,2.03049,3.85714,15.32,0.5,-80.9334,-5.62087,4.03927,1,0,0,46,3,3,46,1,1
201,406000000000,MLB,c0_CIO_delta,-1,0.294149,2.94149,4.71429,15.1883,0.591685,-80.7893,-5.16181,3.95969,1,0,0,0.202988,2.02988,3.85714,13.2117,0.408315,-81.9334,-6.07765,4.03927,1,0,0,46,3,3,45,1,1
202,408000000000,ES,c0_TxPower_delta,-1,0.294162,2.94162,4.71429,15.1883,0.591716,-80.7893,-5.16181,3.95969,1,0,0,0.202972,2.02972,3.85714,13.2117,0.408284,-81.9334,-6.07765,4.03927,1,0,0,46,3,2,45,1,1
203,410000000000,MLB,c1_CIO_delta,1,0.203049,2.03049,3.85714,13.08,0.5,-81.7893,-5.56263,3.95969,1,0,0,0.203049,2.03049,3.85714,13.12,0.5,-81.9334,-5.62093,4.03927,1,0,0,45,3,2,45,1,1
204,412000000000,CCO,c0_TxPower_delta,2,0.203049,2.03049,3.85714,13.08,0.5,-81.7893,-5.56263,3.95969,1,0,0,0.203049,2.03049,3.85714,13.12,0.5,-81.9334,-5.62093,4.03927,1,0,0,45,3,2,45,1,2
205,414000000000,CCO,c1_TxPower_delta,2,0.294076,2.94076,4.71429,15.1882,0.591817,-80.7893,-5.16181,3.95969,1,0,0,0.202827,2.02827,3.85714,13.2118,0.408183,-81.9334,-6.07765,4.03927,1,0,0,46,3,2,45,1,2
206,416000000000,ES,c0_TxPower_delta,-1,0.203049,2.03049,3.85714,15.28,0.5,-80.7893,-5.56257,3.95969,1,0,0,0.203049,2.03049,3.85714,15.32,0.5,-80.9334,-5.62087,4.03927,1,0,0,46,3,2,46,1,2
207,418000000000,MLB,c1_CIO_delta,-1,0.202998,2.02998,3.85714,13.1716,0.408397,-81.7893,-6.01265,3.95969,1,0,0,0.294063,2.94063,4.71429,15.2284,0.591603,-80.9334,-5.21342,4.03927,1,0,0,45,3,2,46,1,2
208,420000000000,ES,c1_TxPower_delta,-1,0.202988,2.02988,3.85714,13.1715,0.408466,-81.7893,-6.01265,3.95969,1,0,0,0.293965,2.93965,4.71429,15.2285,0.591534,-80.9334,-5.21342,4.03927,1,0,0,45,3,2,46,1,1
209,422000000000,MLB,c0_CIO_delta,1,0.203049,2.03049,3.85714,13.08,0.5,-81.7893,-5.56263,3.95969,1,0,0,0.203049,2.03049,3.85714,13.12,0.5,-81.9334,-5.62093,4.03927,1,0,0,45,3,2,45,1,1
210,424000000000,CCO,c1_TxPower_delta,2,0.203049,2.03049,3.85714,13.08,0.5,-81.7893,-5.56263,3.95969,1,0,0,0.203049,2.03049,3.85714,13.12,0.5,-81.9334,-5.62093,4.03927,1,0,0,45,3,3,45,1,1
211,426000000000,CCO,c0_TxPower_delta,2,0.202948,2.02948,3.85714,13.1716,0.408428,-81.7893,-6.01265,3.95969,1,0,0,0.293952,2.93952,4.71429,15.2284,0.591572,-80.9334,-5.21342,4.03927,1,0,0,45,3,3,46,1,1
212,428000000000,ES,c1_TxPower_delta,-1,0.203049,2.03049,3.85714,15.28,0.5,-80.7893,-5.56257,3.95969,1,0,0,0.203049,2.03049,3.85714,15.32,0.5,-80.9334,-5.62087,4.03927,1,0,0,46,3,3,46,1,1
213,430000000000,MLB,c0_CIO_delta,-1,0.294162,2.94162,4.71429,15.1883,0.591736,-80.7893,-5.16181,3.95969,1,0,0,0.202955,2.02955,3.85714,13.2117,0.408264,-81.9334,-6.07765,4.03927,1,0,0,46,3,3,45,1,1
214,432000000000,ES,c0_TxPower_delta,-1,0.294186,2.94186,4.71429,15.1881,0.591896,-80.7893,-5.16181,3.95969,1,0,0,0.202837,2.02837,3.85714,13.2119,0.408104,-81.9334,-6.07765,4.03927,1,0,0,46,3,2,45,1,1
215,434000000000,MLB,c1_CIO_delta,1,0.203049,2.03049,3.85714,13.08,0.5,-81.7893,-5.56263,3.95969,1,0,0,0.203049,2.03049,3.85714,13.12,0.5,-81.9334,-5.62093,4.03927,1,0,0,45,3,2,45,1,1
216,436000000000,CCO,c0_TxPower_delta,2,0.203049,2.03049,3.85714,13.08,0.5,-81.7893,-5.56263,3.95969,1,0,0,0.203049,2.03049,3.85714,13.12,0.5,-81.9334,-5.62093,4.03927,1,0,0,45,3,2,45,1,2
217,438000000000,CCO,c1_TxPower_delta,2,0.294162,2.94162,4.71429,15.1883,0.591724,-80.7893,-5.16181,3.95969,1,0,0,0.202965,2.02965,3.85714,13.2117,0.408276,-81.9334,-6.07765,4.03927,1,0,0,46,3,2,45,1,2
218,440000000000,ES,c0_TxPower_delta,-1,0.203049,2.03049,3.85714,15.28,0.5,-80.7893,-5.56257,3.95969,1,0,0,0.203049,2.03049,3.85714,15.32,0.5,-80.9334,-5.62087,4.03927,1,0,0,46,3,2,46,1,2
219,442000000000,MLB,c1_CIO_delta,-1,0.202982,2.02982,3.85714,13.1716,0.408435,-81.7893,-6.01265,3.95969,1,0,0,0.293993,2.93993,4.71429,15.2284,0.591565,-80.9334,-5.21342,4.03927,1,0,0,45,3,2,46,1,2
220,444000000000,ES,c1_TxPower_delta,-1,0.202972,2.02972,3.85714,13.1716,0.408396,-81.7893,-6.01265,3.95969,1,0,0,0.294025,2.94025,4.71429,15.2284,0.591604,-80.9334,-5.21342,4.03927,1,0,0,45,3,2,46,1,1
221,446000000000,MLB,c0_CIO_delta,1,0.203049,2.03049,3.85714,13.08,0.5,-81.7893,-5.56263,3.95969,1,0,0,0.203049,2.03049,3.85714,13.12,0.5,-81.9334,-5.62093,4.03927,1,0,0,45,3,2,45,1,1
222,448000000000,CCO,c1_TxPower_delta,2,0.203049,2.03049,3.85714,13.08,0.5,-81.7893,-5.56263,3.95969,1,0,0,0.203049,2.03049,3.85714,13.12,0.5,-81.9334,-5.62093,4.03927,1,0,0,45,3,3,45,1,1
223,450000000000,CCO,c0_TxPower_delta,2,0.203049,2.03049,3.85714,13.1715,0.408537,-81.7893,-6.01265,3.95969,1,0,0,0.293965,2.93965,4.71429,15.2285,0.591463,-80.9334,-5.21342,4.03927,1,0,0,45,3,3,46,1,1
224,452000000000,ES,c1_TxPower_delta,-1,0.203049,2.03049,3.85714,15.28,0.5,-80.7893,-5.56257,3.95969,1,0,0,0.203049,2.03049,3.85714,15.32,0.5,-80.9334,-5.62087,4.03927,1,0,0,46,3,3,46,1,1
225,454000000000,MLB,c0_CIO_delta,-1,0.294113,2.94113,4.71429,15.1882,0.591756,-80.7893,-5.16181,3.95969,1,0,0,0.202905,2.02905,3.85714,13.2118,0.408244,-81.9334,-6.07765,4.03927,1,0,0,46,3,3,45,1,1
226,456000000000,ES,c0_TxPower_delta,-1,0.294162,2.94162,4.71429,15.1882,0.591796,-80.7893,-5.16181,3.95969,1,0,0,0.202905,2.02905,3.85714,13.2118,0.408204,-81.9334,-6.07765,4.03927,1,0,0,46,3,2,45,1,1
227,458000000000,MLB,c1_CIO_delta,1,0.203049,2.03049,3.85714,13.08,0.5,-81.7893,-5.56263,3.95969,1,0,0,0.203049,2.03049,3.85714,13.12,0.5,-81.9334,-5.62093,4.03927,1,0,0,45,3,2,45,1,1
228,460000000000,CCO,c0_TxPower_delta,2,0.203049,2.03049,3.85714,13.08,0.5,-81.7893,-5.56263,3.95969,1,0,0,0.203049,2.03049,3.85714,13.12,0.5,-81.9334,-5.62093,4.03927,1,0,0,45,3,2,45,1,2
229,462000000000,CCO,c1_TxPower_delta,2,0.294076,2.94076,4.71429,15.1883,0.591673,-80.7893,-5.16181,3.95969,1,0,0,0.202948,2.02948,3.85714,13.2117,0.408327,-81.9334,-6.07765,4.03927,1,0,0,46,3,2,45,1,2
230,464000000000,ES,c0_TxPower_delta,-1,0.203049,2.03049,3.85714,15.28,0.5,-80.7893,-5.56257,3.95969,1,0,0,0.203049,2.03049,3.85714,15.32,0.5,-80.9334,-5.62087,4.03927,1,0,0,46,3,2,46,1,2
231,466000000000,MLB,c1_CIO_delta,-1,0.203015,2.03015,3.85714,13.1716,0.408397,-81.7893,-6.01265,3.95969,1,0,0,0.294087,2.94087,4.71429,15.2284,0.591603,-80.9334,-5.21342,4.03927,1,0,0,45,3,2,46,1,2
232,468000000000,ES,c1_TxPower_delta,-1,0.202985,2.02985,3.85714,13.1716,0.40844,-81.7893,-6.01265,3.95969,1,0,0,0.293991,2.93991,4.71429,15.2284,0.59156,-80.9334,-5.21342,4.03927,1,0,0,45,3,2,46,1,1
233,470000000000,MLB,c0_CIO_delta,1,0.203049,2.03049,3.85714,13.08,0.5,-81.7893,-5.56263,3.95969,1,0,0,0.203049,2.03049,3.85714,13.12,0.5,-81.9334,-5.62093,4.03927,1,0,0,45,3,2,45,1,1
234,472000000000,CCO,c1_TxPower_delta,2,0.203049,2.03049,3.85714,13.08,0.5,-81.7893,-5.56263,3.95969,1,0,0,0.203049,2.03049,3.85714,13.12,0.5,-81.9334,-5.62093,4.03927,1,0,0,45,3,3,45,1,1
235,474000000000,CCO,c0_TxPower_delta,2,0.202998,2.02998,3.85714,13.1716,0.408376,-81.7893,-6.01265,3.95969,1,0,0,0.294089,2.94089,4.71429,15.2284,0.591624,-80.9334,-5.21342,4.03927,1,0,0,45,3,3,46,1,1
236,476000000000,ES,c1_TxPower_delta,-1,0.203049,2.03049,3.85714,15.28,0.5,-80.7893,-5.56257,3.95969,1,0,0,0.203049,2.03049,3.85714,15.32,0.5,-80.9334,-5.62087,4.03927,1,0,0,46,3,3,46,1,1
237,478000000000,MLB,c0_CIO_delta,-1,0.294235,2.94235,4.71429,15.1882,0.591816,-80.7893,-5.16181,3.95969,1,0,0,0.202938,2.02938,3.85714,13.2118,0.408184,-81.9334,-6.07765,4.03927,1,0,0,46,3,3,45,1,1
238,480000000000,ES,c0_TxPower_delta,-1,0.294211,2.94211,4.71429,15.1882,0.591784,-80.7893,-5.16181,3.95969,1,0,0,0.202948,2.02948,3.85714,13.2118,0.408216,-81.9334,-6.07765,4.03927,1,0,0,46,3,2,45,1,1
239,482000000000,MLB,c1_CIO_delta,1,0.203049,2.03049,3.85714,13.08,0.5,-81.7893,-5.56263,3.95969,1,0,0,0.203049,2.03049,3.85714,13.12,0.5,-81.9334,-5.62093,4.03927,1,0,0,45,3,2,45,1,1
240,484000000000,CCO,c0_TxPower_delta,2,0.203049,2.03049,3.85714,13.08,0.5,-81.7893,-5.56263,3.95969,1,0,0,0.203049,2.03049,3.85714,13.12,0.5,-81.9334,-5.62093,4.03927,1,0,0,45,3,2,45,1,2
241,486000000000,CCO,c1_TxPower_delta,2,0.294186,2.94186,4.71429,15.1882,0.591784,-80.7893,-5.16181,3.95969,1,0,0,0.202931,2.02931,3.85714,13.2118,0.408216,-81.9334,-6.07765,4.03927,1,0,0,46,3,2,45,1,2
242,488000000000,ES,c0_TxPower_delta,-1,0.203049,2.03049,3.85714,15.28,0.5,-80.7893,-5.56257,3.95969,1,0,0,0.203049,2.03049,3.85714,15.32,0.5,-80.9334,-5.62087,4.03927,1,0,0,46,3,2,46,1,2
243,490000000000,MLB,c1_CIO_delta,-1,0.203032,2.03032,3.85714,13.1715,0.408548,-81.7893,-6.01265,3.95969,1,0,0,0.293928,2.93928,4.71429,15.2285,0.591452,-80.9334,-5.21342,4.03927,1,0,0,45,3,2,46,1,2
244,492000000000,ES,c1_TxPower_delta,-1,0.202955,2.02955,3.85714,13.1717,0.408284,-81.7893,-6.01265,3.95969,1,0,0,0.294138,2.94138,4.71429,15.2283,0.591716,-80.9334,-5.21342,4.03927,1,0,0,45,3,2,46,1,1
245,494000000000,MLB,c0_CIO_delta,1,0.203049,2.03049,3.85714,13.08,0.5,-81.7893,-5.56263,3.95969,1,0,0,0.203049,2.03049,3.85714,13.12,0.5,-81.9334,-5.62093,4.03927,1,0,0,45,3,2,45,1,1
246,496000000000,CCO,c1_TxPower_delta,2,0.203049,2.03049,3.85714,13.08,0.5,-81.7893,-5.56263,3.95969,1,0,0,0.203049,2.03049,3.85714,13.12,0.5,-81.9334,-5.62093,4.03927,1,0,0,45,3,3,45,1,1
247,498000000000,CCO,c0_TxPower_delta,2,0.202998,2.02998,3.85714,13.1715,0.408548,-81.7893,-6.01265,3.95969,1,0,0,0.293879,2.93879,4.71429,15.2285,0.591452,-80.9334,-5.21342,4.03927,1,0,0,45,3,3,46,1,1
